flow_duration,total_fwd_packets,total_bwd_packets,flow_bytes_per_sec,flow_packets_per_sec,packet_length_mean,packet_length_std,syn_flag_count,ack_flag_count,urg_flag_count,destination_port,protocol_type,label
7.23,1,0,1862.67,2540.32,55.31,0.0,1,0,0,4368,TCP,Port Scan
70091.71,11,19,4408.47,15.66,205.79,95.55,0,8,0,6667,TCP,Botnet
25594.42,27,23,15062.14,40.67,820.64,118.19,1,14,0,80,UDP,Normal
35678.16,23,11,84109.41,44.29,431.71,181.28,0,24,0,443,TCP,Normal
24586.52,8,14,11609.85,237.57,989.52,109.32,0,14,0,8080,TCP,Normal
946.6,875,2,1612923.48,9555.51,61.83,19.87,178,0,0,80,TCP,DDoS
25.84,1,0,411.26,2001.55,63.98,0.0,1,0,0,5692,TCP,Port Scan
1404.28,947,0,2114382.47,9099.55,61.07,20.89,551,1,0,53,TCP,DDoS
11115.68,36,54,29098.8,69.28,196.09,32.99,3,32,0,22,TCP,Brute Force
31103.63,14,5,105417.2,50.92,609.58,121.74,1,26,0,443,TCP,Normal
1479.8,713,1,4958766.26,8181.92,54.28,13.61,325,0,0,80,TCP,DDoS
22844.67,11,10,7061.17,24.98,160.88,217.76,0,6,0,9001,TCP,Botnet
846.67,530,0,2787634.06,7226.87,79.71,22.24,185,0,0,80,TCP,DDoS
28820.61,20,19,9812.88,19.9,244.36,158.56,0,11,0,4444,TCP,Botnet
32668.88,33,27,109176.3,143.06,733.63,217.72,0,24,0,443,TCP,Normal
11386.43,32,41,23804.83,48.15,149.1,46.34,4,69,0,21,TCP,Brute Force
20165.66,19,6,4532.96,20.18,205.55,167.77,0,6,0,6667,UDP,Botnet
6257.44,10,10,19376.19,163.28,712.81,205.6,0,17,0,443,UDP,Normal
2350.26,14,21,104950.01,78.03,615.44,172.73,1,10,0,443,TCP,Normal
12067.77,30,24,9685.81,84.35,687.84,170.56,0,15,0,53,TCP,Normal
27.81,2,0,2149.67,3479.99,53.74,0.0,1,0,0,1973,TCP,Port Scan
15.05,2,0,1083.65,1967.3,63.34,0.0,1,0,0,9880,TCP,Port Scan
9.21,1,0,1721.0,3260.39,44.92,0.0,1,0,0,3701,TCP,Port Scan
10317.95,66,39,11370.12,43.93,126.86,37.92,4,56,0,22,TCP,Brute Force
28264.75,15,15,5461.73,9.5,235.53,143.71,0,6,0,8000,UDP,Botnet
12864.11,12,22,99525.63,211.46,1082.83,144.83,0,13,0,443,TCP,Normal
35193.45,10,15,7066.68,25.81,183.48,208.88,0,6,0,1337,UDP,Botnet
57922.97,20,8,9039.21,24.76,236.65,134.25,0,7,0,9001,TCP,Botnet
7326.67,74,66,16983.66,65.9,215.24,56.03,3,27,0,21,TCP,Brute Force
3615.13,67,59,17691.38,95.11,209.32,30.29,5,50,0,22,TCP,Brute Force
9.77,2,0,1633.27,2067.08,35.73,0.0,1,0,0,2960,TCP,Port Scan
1597.81,19,18,37001.37,142.66,1097.2,210.11,1,18,0,80,TCP,Normal
10193.39,52,39,36935.27,117.44,124.81,16.67,3,42,0,22,TCP,Brute Force
27.36,2,0,1187.14,1623.0,40.21,0.0,1,0,0,3232,TCP,Port Scan
37121.65,29,7,146151.32,97.47,607.54,233.64,0,14,0,8080,UDP,Normal
3462.13,28,19,15745.29,106.36,962.67,136.69,1,12,0,80,TCP,Normal
44619.68,25,16,118791.6,248.72,823.84,111.58,1,22,0,53,TCP,Normal
4725.95,23,14,19013.5,60.69,1091.14,138.82,0,18,0,8080,TCP,Normal
35.64,2,0,2173.29,1856.72,60.44,0.0,1,0,0,1826,TCP,Port Scan
21089.25,9,3,113403.36,135.63,562.55,229.91,0,16,0,80,TCP,Normal
19359.4,8,16,9731.44,6.61,208.22,171.86,0,7,0,1337,UDP,Botnet
27280.4,32,20,63211.96,97.76,488.78,128.35,0,19,0,443,TCP,Normal
9831.47,40,66,32906.95,119.78,189.23,28.08,5,47,0,21,TCP,Brute Force
702.37,1069,2,2708364.99,7755.01,86.75,21.93,93,0,0,80,TCP,DDoS
25.36,2,0,216.0,1448.34,35.23,0.0,1,0,0,8605,TCP,Port Scan
29403.15,20,12,108689.52,156.43,437.34,140.95,0,25,0,53,TCP,Normal
7441.15,9,12,78298.77,53.14,836.8,104.73,0,19,0,443,UDP,Normal
37560.95,22,21,6762.73,175.02,436.29,159.77,0,13,0,80,TCP,Normal
787.36,531,2,4600825.79,7315.78,80.54,6.4,289,0,0,443,TCP,DDoS
29.97,2,0,560.29,3372.86,44.97,0.0,1,0,0,2902,TCP,Port Scan
36200.09,21,9,65593.18,30.24,602.4,140.26,0,25,0,53,TCP,Normal
15150.76,10,7,70284.26,78.59,646.32,191.12,0,3,0,443,TCP,Normal
7.49,1,0,2309.28,3495.35,56.98,0.0,1,0,0,3434,TCP,Port Scan
6278.62,57,38,25382.92,84.88,99.96,40.05,5,49,0,22,TCP,Brute Force
25918.36,21,29,25220.28,150.92,1007.59,166.62,1,9,0,80,TCP,Normal
357.8,887,1,2143641.77,15278.9,89.48,20.64,102,0,0,443,TCP,DDoS
3856.84,18,11,36437.32,87.73,1097.08,189.39,0,25,0,80,TCP,Normal
12384.84,29,16,129520.41,94.95,1067.83,74.38,0,22,0,443,TCP,Normal
26468.29,30,6,41181.03,20.46,521.86,73.41,0,23,0,53,TCP,Normal
646.55,1179,0,2563655.57,4665.95,55.32,20.43,526,0,0,53,TCP,DDoS
11227.36,17,8,48096.05,51.19,501.94,189.49,0,4,0,8080,TCP,Normal
15978.09,10,15,83996.16,48.9,602.81,97.75,0,7,0,443,TCP,Normal
37089.15,32,8,111264.58,221.52,905.95,96.37,1,6,0,443,TCP,Normal
26600.83,15,21,59922.03,97.61,1029.75,171.51,0,15,0,80,UDP,Normal
1132.67,1190,2,1344235.3,15339.72,51.55,12.88,180,0,0,80,TCP,DDoS
38072.01,27,24,109100.24,85.23,628.4,54.15,1,3,0,443,TCP,Normal
42107.25,8,27,132307.75,159.27,572.99,121.17,0,11,0,443,TCP,Normal
21.76,1,0,1620.38,3449.82,42.81,0.0,1,0,0,8905,TCP,Port Scan
3362.5,30,39,14230.26,101.4,184.92,39.27,2,42,0,22,TCP,Brute Force
3466.02,27,15,26774.51,189.61,758.56,186.05,0,27,0,443,TCP,Normal
37835.38,11,16,107036.47,243.16,706.36,96.99,1,21,0,443,TCP,Normal
86.45,1192,2,5013894.88,14952.72,47.02,23.07,334,0,0,80,TCP,DDoS
255.21,408,2,5667169.73,13171.84,62.79,18.79,243,0,0,443,TCP,DDoS
10825.77,14,9,118295.58,240.84,934.51,221.04,0,7,0,80,TCP,Normal
888.2,817,0,3415977.52,4243.72,74.1,11.8,535,0,0,80,TCP,DDoS
10910.4,54,37,18826.67,65.79,141.32,28.84,4,25,0,22,TCP,Brute Force
30475.64,7,27,72530.21,75.26,728.86,141.09,0,17,0,80,TCP,Normal
19597.15,27,27,71238.58,214.5,479.97,101.07,1,12,0,80,TCP,Normal
35219.46,23,29,42868.55,179.84,797.17,209.25,1,18,0,80,TCP,Normal
800.58,206,1,3734365.54,4717.99,94.83,13.51,257,0,0,80,TCP,DDoS
30.46,1,0,614.97,2868.27,42.84,0.0,1,0,0,6988,TCP,Port Scan
20012.1,34,24,52582.14,55.66,1087.29,217.79,1,19,0,80,TCP,Normal
3148.85,18,22,104555.54,46.33,668.69,141.25,0,21,0,443,TCP,Normal
235.87,625,1,2085471.58,14225.63,54.41,22.63,149,0,0,80,TCP,DDoS
989.34,1062,0,5502781.9,17532.25,94.55,20.8,482,0,0,8080,TCP,DDoS
39091.07,9,5,62588.76,44.12,916.18,86.46,0,19,0,80,TCP,Normal
12832.92,33,20,55063.36,59.73,835.39,226.4,1,21,0,53,UDP,Normal
857.38,274,0,3877954.9,14044.2,71.42,6.34,400,0,0,80,TCP,DDoS
852.83,386,2,3496163.47,8284.63,52.87,6.0,552,0,0,8080,TCP,DDoS
66.52,1041,2,2755417.31,17139.15,84.99,16.75,588,0,0,443,TCP,DDoS
33.02,2,0,2125.86,842.02,52.67,0.0,1,0,0,7770,TCP,Port Scan
15656.89,34,29,64396.19,91.58,873.98,171.16,0,22,0,443,TCP,Normal
2353.73,29,8,115534.81,124.63,587.08,93.96,0,14,0,80,TCP,Normal
78054.19,12,16,11893.19,24.44,238.78,114.27,1,5,0,4444,UDP,Botnet
33.14,2,0,2358.75,945.53,32.39,0.0,1,0,0,8523,TCP,Port Scan
21735.4,19,7,147280.03,234.47,1053.71,130.44,0,18,0,443,TCP,Normal
32937.79,30,16,22141.7,20.01,898.5,121.32,0,24,0,80,TCP,Normal
3077.46,27,29,128600.13,247.73,873.24,139.19,0,22,0,443,TCP,Normal
32.77,1,0,940.25,1465.49,32.29,0.0,1,0,0,6887,TCP,Port Scan
41998.69,9,7,140393.67,177.29,772.1,56.53,0,22,0,80,TCP,Normal
3.4,1,0,1424.31,1004.85,54.34,0.0,1,0,0,2276,TCP,Port Scan
728.81,745,1,3611981.28,13159.51,78.64,24.12,386,0,0,8080,TCP,DDoS
11.89,2,0,2495.2,1498.18,55.17,0.0,1,0,0,9542,TCP,Port Scan
12.37,2,0,2193.56,2201.91,63.78,0.0,1,0,0,9556,TCP,Port Scan
18366.64,22,20,36973.77,62.77,1065.57,91.98,0,3,0,80,TCP,Normal
31909.5,18,14,104764.35,212.5,1006.81,217.7,0,10,0,80,TCP,Normal
20940.93,20,12,116493.07,35.23,432.1,174.16,0,13,0,443,TCP,Normal
16.38,2,0,2373.59,930.33,32.03,0.0,1,0,0,1567,TCP,Port Scan
26749.25,9,15,75577.61,228.4,704.08,120.02,0,17,0,443,TCP,Normal
1224.94,1149,0,3236988.51,17078.67,50.22,24.56,147,0,0,80,TCP,DDoS
31435.84,33,17,130205.27,50.43,1084.31,166.53,1,22,0,443,UDP,Normal
4512.82,48,44,14648.64,117.62,157.23,36.07,4,46,0,22,TCP,Brute Force
1180.35,1157,2,3919406.1,13431.16,85.4,6.12,246,0,0,80,TCP,DDoS
44796.97,21,23,80609.62,34.64,981.96,169.8,0,11,0,53,TCP,Normal
1484.5,9,17,75853.26,197.19,878.31,139.18,0,6,0,443,TCP,Normal
40301.0,23,5,135324.24,147.22,968.58,126.81,0,7,0,80,TCP,Normal
141.73,516,1,5447625.78,10947.14,76.81,21.63,557,0,0,443,TCP,DDoS
13887.96,11,22,73858.55,107.98,483.88,244.83,0,22,0,53,TCP,Normal
38775.64,14,11,61719.62,82.78,733.67,58.88,1,12,0,443,TCP,Normal
33.03,1,0,928.45,1497.03,33.21,0.0,1,0,0,1864,TCP,Port Scan
9.53,2,0,1279.7,2744.87,48.94,0.0,1,0,0,1489,TCP,Port Scan
68559.03,11,9,8564.23,18.53,438.22,96.79,1,16,0,9001,TCP,Botnet
46735.67,18,15,9348.85,23.04,192.27,202.78,1,7,0,8000,TCP,Botnet
44340.27,5,29,64622.62,118.32,631.2,162.85,1,16,0,80,TCP,Normal
23311.38,8,7,15024.25,120.55,468.18,131.0,0,9,0,80,TCP,Normal
10772.61,32,32,29631.01,73.67,215.7,17.52,3,52,0,21,TCP,Brute Force
6329.35,49,65,44238.54,77.15,194.45,37.85,4,58,0,22,TCP,Brute Force
304.79,806,2,3005762.29,9700.33,53.98,21.5,131,0,0,80,TCP,DDoS
3201.3,32,25,17755.99,45.2,131.64,52.47,3,58,0,21,TCP,Brute Force
14620.09,25,23,13834.66,179.62,527.93,113.81,0,13,0,80,TCP,Normal
6557.29,68,34,39844.12,81.75,107.09,55.14,2,47,0,21,TCP,Brute Force
35592.58,9,27,50199.7,77.15,920.76,56.71,0,12,0,443,TCP,Normal
10.51,1,0,1895.62,2689.23,39.88,0.0,1,0,0,3466,TCP,Port Scan
55248.52,15,15,7325.38,27.48,440.98,168.82,0,5,0,1337,TCP,Botnet
43642.35,29,18,21312.95,189.26,592.57,177.82,0,6,0,443,TCP,Normal
22869.22,25,25,45403.74,228.9,567.69,78.98,0,8,0,80,TCP,Normal
3964.62,22,3,40809.37,217.72,518.17,220.79,0,18,0,80,TCP,Normal
36159.99,32,12,5829.19,127.14,799.81,110.81,0,5,0,80,TCP,Normal
6.64,1,0,552.86,1937.07,34.19,0.0,1,0,0,4142,TCP,Port Scan
6578.74,10,6,112096.63,92.59,851.38,129.03,1,24,0,443,TCP,Normal
17.28,1,0,2203.73,2820.46,59.8,0.0,1,0,0,9648,TCP,Port Scan
34366.18,20,6,106868.37,88.55,473.76,206.36,0,12,0,80,TCP,Normal
48092.39,13,6,6609.34,10.79,312.56,110.77,0,11,1,4444,TCP,Botnet
23313.71,14,24,140104.29,111.31,460.96,173.41,0,21,0,53,TCP,Normal
40330.91,18,27,55862.76,211.52,745.38,232.33,1,15,0,8080,TCP,Normal
5887.93,44,73,38033.4,100.71,117.21,21.8,3,39,0,22,TCP,Brute Force
801.56,717,2,5807036.5,5633.7,49.77,23.3,88,0,0,80,TCP,DDoS
29.82,1,0,1828.08,1213.9,61.27,0.0,1,0,0,6824,TCP,Port Scan
37812.89,9,21,76557.64,85.16,950.74,129.49,0,25,0,443,TCP,Normal
220.46,488,1,1888914.91,3176.7,94.86,10.62,417,0,0,80,TCP,DDoS
35601.44,14,8,3817.16,24.34,308.61,209.92,0,14,1,9001,UDP,Botnet
9946.25,48,44,28996.98,116.06,163.69,15.67,2,63,0,22,TCP,Brute Force
1067.48,1193,0,1108406.25,7579.89,89.31,17.83,95,0,0,53,TCP,DDoS
58436.86,15,19,1493.48,11.58,363.08,174.91,0,17,0,8000,TCP,Botnet
34221.06,25,18,51115.74,232.67,439.36,147.13,1,7,0,80,TCP,Normal
41437.07,22,19,8116.43,15.92,177.73,208.23,0,7,0,4444,TCP,Botnet
24.41,1,0,1607.98,1249.67,48.92,0.0,1,0,0,7872,TCP,Port Scan
4058.46,15,15,140785.13,221.5,594.43,220.29,0,13,0,443,TCP,Normal
41498.18,29,13,90961.83,101.63,436.39,56.35,0,19,0,443,UDP,Normal
33980.67,26,18,119494.63,40.98,746.09,61.51,0,7,0,443,TCP,Normal
12912.74,14,25,19434.24,158.73,766.52,100.72,0,13,0,8080,TCP,Normal
17686.43,11,29,31879.05,157.95,1003.06,223.73,1,13,0,80,TCP,Normal
8.97,2,0,501.02,2035.44,40.59,0.0,1,0,0,9810,TCP,Port Scan
17764.1,9,9,9642.6,5.39,395.06,122.07,1,8,0,1337,UDP,Botnet
21603.56,12,11,55973.32,114.94,893.45,169.66,0,5,0,443,TCP,Normal
25973.04,27,19,83068.22,172.18,916.5,154.03,0,14,0,80,TCP,Normal
39201.96,11,18,8242.49,23.44,150.78,167.95,0,17,0,1337,TCP,Botnet
15.29,2,0,2346.54,2976.24,54.18,0.0,1,0,0,6652,TCP,Port Scan
863.18,765,2,5075498.01,7434.03,78.79,15.26,104,0,0,80,TCP,DDoS
12314.59,20,8,103382.5,93.04,993.68,239.43,1,6,0,80,UDP,Normal
36844.18,9,23,105411.46,118.88,871.08,105.08,0,14,0,443,TCP,Normal
7.7,2,0,1918.12,3273.0,62.66,0.0,1,0,0,5615,TCP,Port Scan
14459.79,9,9,94779.37,209.71,882.17,160.39,0,3,0,80,TCP,Normal
1172.29,1193,0,3445156.54,3820.71,69.45,23.71,466,0,0,80,TCP,DDoS
20689.37,21,22,7589.97,203.26,605.92,232.37,1,22,0,443,TCP,Normal
11988.71,32,18,48025.51,185.24,1067.82,194.28,1,16,0,80,TCP,Normal
4.34,1,0,2337.35,2737.07,56.4,0.0,1,0,0,3626,TCP,Port Scan
647.43,463,0,5515706.2,11810.55,44.7,14.0,309,0,0,443,TCP,DDoS
16926.56,15,16,54893.28,139.73,708.47,225.98,0,27,0,80,UDP,Normal
5019.3,71,28,31877.24,83.74,184.1,30.26,2,60,0,22,TCP,Brute Force
2413.81,16,27,124379.87,199.86,780.66,69.97,0,15,0,80,TCP,Normal
36671.87,32,28,94651.33,199.74,892.29,216.89,0,7,0,443,UDP,Normal
37510.52,16,8,80121.42,88.71,1058.48,101.86,0,21,0,80,TCP,Normal
1628.11,24,25,67105.6,178.35,440.74,233.04,0,24,0,443,TCP,Normal
7508.45,45,26,36198.01,74.35,87.61,22.58,4,65,0,22,TCP,Brute Force
440.22,482,2,1029556.92,17881.38,47.17,20.92,382,0,0,443,TCP,DDoS
7.08,1,0,318.07,1826.41,42.79,0.0,1,0,0,962,TCP,Port Scan
15619.78,16,22,103326.51,144.89,642.82,137.13,1,5,0,80,TCP,Normal
38.07,1,0,485.74,2364.63,53.28,0.0,1,0,0,4809,TCP,Port Scan
3603.25,33,67,33597.29,49.73,89.11,58.87,2,68,0,22,TCP,Brute Force
37012.58,27,22,79533.39,159.32,842.32,155.41,0,12,0,443,TCP,Normal
878.87,611,1,5783303.97,4465.61,40.82,8.22,464,0,0,443,TCP,DDoS
8950.06,59,58,22138.25,87.55,89.77,26.51,3,60,0,22,TCP,Brute Force
7832.11,63,72,22205.75,61.5,171.29,21.06,2,53,0,21,TCP,Brute Force
1079.22,870,0,3582626.64,13344.12,77.36,10.05,491,0,0,443,TCP,DDoS
6808.96,6,9,105795.96,112.99,699.74,193.52,0,9,0,80,TCP,Normal
234.41,955,1,2966813.17,8781.32,69.38,21.84,388,0,0,80,TCP,DDoS
37694.25,32,6,105574.62,197.36,858.26,80.32,1,25,0,80,TCP,Normal
624.6,532,0,3465396.32,7016.61,65.02,14.42,194,0,0,443,TCP,DDoS
15654.25,34,11,12596.74,56.71,634.94,65.36,0,23,0,443,UDP,Normal
391.34,752,1,2289103.55,14463.66,69.68,7.58,255,0,0,80,TCP,DDoS
44806.21,29,18,75453.41,150.15,1041.73,210.16,0,26,0,443,TCP,Normal
33169.73,5,28,91150.57,114.62,488.47,55.57,0,27,0,80,TCP,Normal
11785.77,4,6,44952.8,133.74,485.19,167.62,0,21,0,443,TCP,Normal
21.66,2,0,570.41,1666.76,39.2,0.0,1,0,0,7170,TCP,Port Scan
677.56,770,2,4462635.37,15041.49,53.14,5.84,141,0,0,443,TCP,DDoS
24510.25,16,20,20651.84,177.62,464.31,243.03,0,25,0,443,TCP,Normal
1652.38,34,29,85325.64,20.37,598.25,226.28,0,27,0,443,TCP,Normal
35376.35,14,18,50268.47,23.62,412.0,233.32,1,6,0,80,TCP,Normal
884.89,965,0,1734948.63,10016.37,93.24,20.06,187,0,0,80,TCP,DDoS
17289.23,20,28,130903.66,39.44,818.09,247.25,0,26,0,443,TCP,Normal
25.94,1,0,829.06,1128.29,49.79,0.0,1,0,0,3666,TCP,Port Scan
1350.28,616,0,828307.29,3527.62,90.15,20.51,320,0,0,443,TCP,DDoS
77389.82,15,13,9613.08,13.5,203.61,161.89,0,15,0,6667,TCP,Botnet
6856.84,11,10,116493.8,171.46,936.28,219.18,0,10,0,80,TCP,Normal
30647.57,23,19,7121.1,67.67,899.27,127.32,0,8,0,443,UDP,Normal
6671.92,49,33,33806.07,80.5,83.59,56.61,2,62,0,22,TCP,Brute Force
7258.93,23,14,12897.58,61.97,1075.65,135.64,0,25,0,443,TCP,Normal
4973.39,42,33,44085.88,96.35,179.71,19.26,5,57,0,21,TCP,Brute Force
16319.44,28,15,18483.64,155.29,736.68,178.47,0,18,0,80,TCP,Normal
5285.22,73,68,11936.37,79.61,165.29,27.37,5,26,0,22,TCP,Brute Force
1417.87,1047,0,2560338.5,3307.67,60.0,15.63,157,0,0,443,TCP,DDoS
404.84,1056,0,5833442.94,6827.73,87.22,15.93,125,0,0,443,TCP,DDoS
37354.27,27,29,50782.79,162.95,553.9,138.97,1,8,0,80,TCP,Normal
7268.64,7,8,145324.6,217.08,482.35,197.95,0,3,0,443,UDP,Normal
30421.35,34,27,13035.3,96.16,936.18,132.74,0,3,0,80,UDP,Normal
16528.48,31,7,80725.27,197.1,551.07,174.58,0,15,0,80,TCP,Normal
30385.01,5,24,116986.17,139.64,996.53,160.38,0,27,0,443,TCP,Normal
8494.62,54,37,36717.62,78.91,111.47,23.78,3,51,0,21,TCP,Brute Force
42160.65,14,17,9463.2,24.1,237.73,91.39,0,5,0,1337,TCP,Botnet
38.15,1,0,449.8,2076.54,53.67,0.0,1,0,0,5178,TCP,Port Scan
30164.46,15,14,88033.21,79.05,962.87,135.19,1,15,0,443,TCP,Normal
906.68,1184,0,1583176.96,16989.72,61.07,19.59,93,0,0,80,TCP,DDoS
13.38,1,0,2008.22,1817.76,35.21,0.0,1,0,0,6103,TCP,Port Scan
5.07,1,0,2155.62,2707.2,41.3,0.0,1,0,0,1837,TCP,Port Scan
36.26,2,0,328.19,2349.7,59.62,0.0,1,0,0,9657,TCP,Port Scan
5987.16,69,68,38547.52,114.94,192.44,34.2,2,58,0,21,TCP,Brute Force
10728.76,34,34,23086.39,106.48,172.54,32.77,2,44,0,21,TCP,Brute Force
6164.83,44,67,44987.91,53.72,188.02,25.05,5,49,0,21,TCP,Brute Force
49314.14,20,18,3244.25,20.08,159.4,96.64,1,16,0,1337,TCP,Botnet
5034.18,26,20,95354.99,101.9,952.24,96.74,0,24,0,80,TCP,Normal
13.9,2,0,2301.44,2069.77,50.21,0.0,1,0,0,7281,TCP,Port Scan
634.03,415,1,3665934.95,13630.21,46.29,11.11,266,0,0,80,TCP,DDoS
3537.11,14,10,68393.04,230.57,905.07,172.08,1,25,0,443,UDP,Normal
39893.13,31,11,83062.65,230.04,671.58,215.91,0,16,0,80,TCP,Normal
4047.32,8,9,140222.17,152.4,488.28,166.34,1,17,0,53,TCP,Normal
7415.49,73,28,14279.77,40.01,180.55,20.0,2,44,0,22,TCP,Brute Force
21.74,1,0,2031.49,1965.68,46.5,0.0,1,0,0,1610,TCP,Port Scan
32.03,1,0,960.46,1043.86,50.0,0.0,1,0,0,5305,TCP,Port Scan
29821.13,11,22,110652.37,141.46,541.46,72.01,0,13,0,443,TCP,Normal
19.32,2,0,2129.02,1957.12,55.25,0.0,1,0,0,3774,TCP,Port Scan
31072.36,29,3,139874.79,214.18,873.09,77.82,0,13,0,443,UDP,Normal
10005.56,47,37,14388.32,40.98,163.11,54.9,4,64,0,22,TCP,Brute Force
9666.47,31,23,8066.72,116.35,943.11,117.75,0,8,0,53,TCP,Normal
39.47,1,0,796.97,2585.73,33.03,0.0,1,0,0,1582,TCP,Port Scan
18.85,1,0,2395.67,3299.63,61.1,0.0,1,0,0,4624,TCP,Port Scan
43661.73,11,27,118918.25,78.14,1057.23,228.8,0,7,0,80,TCP,Normal
26068.91,19,28,79422.77,44.66,696.44,140.47,1,7,0,80,TCP,Normal
595.11,1135,2,5358310.22,16687.28,54.63,14.24,292,1,0,8080,TCP,DDoS
7.99,2,0,2036.54,2214.9,50.31,0.0,1,0,0,6338,TCP,Port Scan
13.88,2,0,2082.65,1788.88,51.25,0.0,1,0,0,5775,TCP,Port Scan
9711.17,16,8,128849.72,31.38,983.32,218.78,0,9,0,443,TCP,Normal
6540.69,34,15,144831.22,57.66,609.6,70.03,0,5,0,80,TCP,Normal
1088.89,334,0,1898567.17,12490.16,93.68,11.21,506,0,0,443,TCP,DDoS
47488.45,18,11,11373.17,22.03,343.68,179.63,0,6,0,4444,TCP,Botnet
10.82,1,0,1537.52,1254.18,45.59,0.0,1,0,0,952,TCP,Port Scan
8162.79,20,18,79025.44,52.34,697.35,118.35,0,18,0,443,UDP,Normal
30038.64,23,26,86224.39,235.47,436.58,133.76,0,27,0,443,UDP,Normal
36.48,1,0,1598.89,1394.0,47.33,0.0,1,0,0,3650,TCP,Port Scan
1003.11,1056,0,1595401.73,15096.04,68.06,24.55,150,0,0,80,TCP,DDoS
17820.76,23,18,91543.52,233.48,1050.4,118.38,0,7,0,8080,UDP,Normal
19967.63,34,4,55497.04,138.22,948.56,129.31,0,21,0,443,TCP,Normal
8157.97,20,11,70077.98,56.58,526.14,69.65,1,17,0,443,TCP,Normal
51273.18,19,15,6926.09,27.54,361.63,191.59,0,10,0,4444,TCP,Botnet
78.6,987,0,4415021.59,4803.76,52.69,12.01,495,0,0,80,TCP,DDoS
5269.76,44,70,38887.54,100.94,126.07,39.03,4,41,0,22,TCP,Brute Force
24797.9,12,18,7063.34,15.83,232.99,216.46,1,5,0,1337,UDP,Botnet
10661.32,57,51,24862.23,54.16,168.76,31.39,2,58,0,21,TCP,Brute Force
14467.46,34,25,126815.67,247.57,1022.66,124.29,0,20,0,443,TCP,Normal
77907.02,10,10,5647.31,5.48,160.23,175.87,0,6,0,1337,UDP,Botnet
28.05,2,0,1936.72,2827.19,40.5,0.0,1,0,0,3412,TCP,Port Scan
6030.06,72,39,43662.19,56.01,93.34,20.37,2,58,0,22,TCP,Brute Force
5923.42,73,72,35755.56,57.18,196.83,33.91,3,59,0,21,TCP,Brute Force
1289.86,294,2,4862711.37,3291.02,57.99,17.56,493,1,0,443,TCP,DDoS
20230.41,11,23,96539.6,156.09,891.84,97.49,0,6,0,80,TCP,Normal
12347.3,28,17,22320.09,163.13,1054.09,91.31,1,3,0,80,TCP,Normal
33685.15,17,27,143920.65,104.63,628.85,79.78,0,26,0,443,TCP,Normal
3181.96,61,73,25363.44,67.74,200.74,53.44,2,40,0,22,TCP,Brute Force
21059.26,17,13,27235.95,154.83,754.12,172.29,0,13,0,53,TCP,Normal
19210.19,23,8,3484.51,14.84,169.24,111.68,0,6,0,4444,TCP,Botnet
4617.52,5,5,96304.12,115.72,516.58,247.24,1,11,0,80,TCP,Normal
15.93,1,0,1162.01,2310.12,38.0,0.0,1,0,0,2998,TCP,Port Scan
17927.54,7,14,143680.28,203.54,581.29,167.71,1,16,0,443,UDP,Normal
8536.14,79,39,30670.72,58.05,206.65,36.38,2,67,0,21,TCP,Brute Force
1402.18,576,2,4468582.59,13076.69,61.69,5.03,536,0,0,80,TCP,DDoS
25.01,1,0,1892.84,2303.48,61.73,0.0,1,0,0,2232,TCP,Port Scan
167.38,960,0,4229000.88,12370.51,55.54,12.56,520,0,0,80,TCP,DDoS
4154.07,35,71,38904.09,66.17,148.33,57.35,5,52,0,22,TCP,Brute Force
8.57,2,0,528.26,1635.76,50.21,0.0,1,0,0,7946,TCP,Port Scan
1240.56,663,2,1006498.28,15591.12,64.65,17.73,315,0,0,443,TCP,DDoS
38304.27,13,20,148795.93,144.43,1089.39,237.8,0,8,0,80,TCP,Normal
26545.71,26,4,140426.81,50.14,958.18,151.59,1,18,0,443,TCP,Normal
37416.8,22,6,10734.37,9.6,402.11,97.02,1,8,0,6667,TCP,Botnet
15.66,2,0,966.1,1198.31,35.09,0.0,1,0,0,6258,TCP,Port Scan
35538.11,5,28,41015.62,182.26,699.32,138.51,0,7,0,443,TCP,Normal
43902.77,20,19,128619.38,235.73,459.57,127.12,0,14,0,80,TCP,Normal
51753.83,10,18,7031.44,9.94,279.21,150.24,1,6,0,8000,UDP,Botnet
21.19,1,0,810.35,2657.5,57.36,0.0,1,0,0,4626,TCP,Port Scan
311.92,1099,1,2181055.51,14508.5,51.32,11.43,461,1,0,8080,TCP,DDoS
5906.54,18,21,37242.39,139.42,825.43,99.07,0,24,0,80,TCP,Normal
36655.09,29,23,49332.87,112.62,870.76,186.44,0,21,0,80,TCP,Normal
3471.14,44,34,31735.14,110.15,174.65,31.06,5,53,0,21,TCP,Brute Force
37758.2,32,9,23309.31,207.09,1046.98,142.13,0,7,0,80,TCP,Normal
10929.47,29,18,22935.17,154.15,914.33,114.31,0,16,0,80,TCP,Normal
25.44,2,0,1226.46,1909.49,49.23,0.0,1,0,0,3876,TCP,Port Scan
684.59,262,2,4538901.1,7304.8,53.74,12.12,231,0,0,443,TCP,DDoS
257.13,689,2,5281587.88,10156.65,94.7,18.58,520,0,0,80,TCP,DDoS
708.08,1017,2,5217920.91,10202.02,60.53,14.86,540,0,0,80,TCP,DDoS
21661.8,7,24,38023.71,241.73,1036.62,194.43,0,14,0,80,TCP,Normal
26.36,1,0,571.26,1804.39,59.1,0.0,1,0,0,2945,TCP,Port Scan
500.91,973,1,5125283.56,17707.06,67.16,5.19,279,0,0,80,TCP,DDoS
14.82,1,0,824.55,2013.0,52.89,0.0,1,0,0,9471,TCP,Port Scan
17046.74,28,9,37158.03,199.51,540.82,66.01,0,13,0,80,TCP,Normal
1233.25,431,2,2351943.44,12571.39,55.85,9.72,570,0,0,80,TCP,DDoS
863.01,174,1,5030801.78,3536.49,69.05,18.24,165,0,0,80,TCP,DDoS
27090.55,8,12,4493.29,14.0,276.16,93.84,0,11,0,9001,TCP,Botnet
16626.53,34,13,96678.32,23.01,864.48,85.61,1,19,0,443,UDP,Normal
25354.99,24,10,7711.83,18.96,264.0,200.86,1,16,0,9001,TCP,Botnet
44064.66,24,21,56883.04,169.0,486.04,227.73,0,12,0,443,TCP,Normal
23753.02,15,13,71549.7,231.46,523.27,92.79,0,8,0,80,TCP,Normal
55026.52,21,9,7043.13,28.18,429.57,151.78,0,16,0,9001,TCP,Botnet
61.89,1098,2,3681682.55,11382.61,78.89,8.55,289,0,0,8080,TCP,DDoS
37522.18,9,15,4034.53,13.21,182.37,210.91,0,12,0,6667,TCP,Botnet
13.32,1,0,2074.91,3442.91,60.17,0.0,1,0,0,1381,TCP,Port Scan
36010.91,9,17,14250.21,109.06,597.94,110.9,1,20,0,80,TCP,Normal
16.86,2,0,1964.49,2581.47,46.27,0.0,1,0,0,7449,TCP,Port Scan
29499.22,12,23,41876.69,208.43,1015.88,155.09,0,26,0,80,TCP,Normal
10311.64,20,28,118039.75,100.53,440.49,243.82,1,5,0,443,TCP,Normal
11640.96,9,13,133799.47,125.79,824.88,87.7,1,7,0,80,TCP,Normal
13847.26,4,19,67638.46,27.59,1067.76,91.98,1,25,0,80,TCP,Normal
40472.64,17,22,77872.08,111.69,502.46,123.51,0,4,0,443,TCP,Normal
18529.11,5,6,96186.57,167.29,995.35,198.17,0,27,0,80,TCP,Normal
30.29,1,0,2191.11,886.7,52.6,0.0,1,0,0,7743,TCP,Port Scan
5.94,2,0,1957.76,2372.9,34.27,0.0,1,0,0,9960,TCP,Port Scan
19.62,2,0,322.18,2948.07,45.35,0.0,1,0,0,8975,TCP,Port Scan
23.3,1,0,1339.23,1954.77,62.59,0.0,1,0,0,8616,TCP,Port Scan
36409.96,21,16,84253.69,119.55,430.73,83.15,0,14,0,53,TCP,Normal
219.47,154,0,2404889.77,4954.86,50.95,16.75,87,0,0,80,TCP,DDoS
11097.53,30,15,72870.01,127.25,932.4,80.9,0,20,0,443,TCP,Normal
25.07,1,0,705.73,1794.44,43.65,0.0,1,0,0,5487,TCP,Port Scan
31628.29,11,22,24248.09,242.99,900.22,58.21,0,21,0,443,TCP,Normal
38103.04,32,11,44391.31,43.86,606.8,68.11,0,20,0,80,TCP,Normal
19100.55,28,9,104144.35,145.37,1086.36,95.48,0,13,0,80,TCP,Normal
16.96,1,0,1853.26,2429.81,61.33,0.0,1,0,0,631,TCP,Port Scan
541.84,747,0,1914128.26,8113.25,83.17,8.84,458,0,0,80,TCP,DDoS
63.34,577,0,2445152.12,17597.17,50.65,11.92,536,0,0,53,TCP,DDoS
7147.48,4,3,29996.02,220.65,829.18,81.44,1,14,0,443,TCP,Normal
654.73,414,2,3347105.91,10761.49,63.78,24.83,343,0,0,443,TCP,DDoS
24808.02,21,22,65607.69,216.26,999.31,69.85,0,26,0,80,TCP,Normal
40363.75,13,23,23158.87,129.1,479.77,147.2,1,18,0,443,TCP,Normal
566.58,377,0,4966053.15,8657.68,89.68,6.39,218,1,0,443,TCP,DDoS
1097.79,1004,1,3243196.26,7961.89,81.52,11.59,468,0,0,53,TCP,DDoS
10.84,1,0,763.02,933.51,59.16,0.0,1,0,0,6845,TCP,Port Scan
10498.89,51,35,31511.92,52.47,181.11,47.49,3,58,0,22,TCP,Brute Force
19.82,1,0,800.76,2182.14,42.23,0.0,1,0,0,577,TCP,Port Scan
1152.96,474,2,5644137.9,13618.21,81.14,8.94,413,0,0,80,TCP,DDoS
20562.35,17,7,147801.97,212.95,487.26,234.17,1,25,0,80,TCP,Normal
804.47,192,1,5822006.31,6229.04,84.61,8.94,185,0,0,8080,TCP,DDoS
19916.94,29,14,146795.6,147.88,625.88,58.68,1,7,0,80,TCP,Normal
4038.85,41,54,39171.69,87.73,181.42,23.34,5,39,0,22,TCP,Brute Force
11450.1,7,17,62182.97,146.37,922.81,193.1,0,23,0,80,TCP,Normal
35.57,1,0,2061.49,2070.45,62.37,0.0,1,0,0,3317,TCP,Port Scan
34.49,2,0,1900.86,3414.99,46.58,0.0,1,0,0,5303,TCP,Port Scan
512.11,925,1,1561139.95,5833.95,87.27,10.13,488,0,0,80,TCP,DDoS
28.96,2,0,2478.22,2964.72,55.94,0.0,1,0,0,3783,TCP,Port Scan
1310.19,1047,2,5180776.33,6427.07,87.65,5.67,248,0,0,443,TCP,DDoS
4943.44,48,31,19559.02,81.15,162.43,50.54,5,28,0,22,TCP,Brute Force
42209.46,10,12,11268.9,20.03,193.03,206.21,1,15,0,6667,TCP,Botnet
50817.04,24,19,7801.11,28.33,208.71,187.04,1,8,0,1337,TCP,Botnet
37325.44,8,24,144754.23,77.17,493.66,133.72,1,23,0,443,TCP,Normal
66549.68,19,17,2280.34,11.44,375.54,93.3,1,13,0,8000,TCP,Botnet
11317.33,56,62,29253.85,95.65,209.4,47.06,3,63,0,21,TCP,Brute Force
17.17,2,0,744.93,2895.66,63.09,0.0,1,0,0,4741,TCP,Port Scan
1204.47,1045,2,4083162.67,11947.74,57.5,14.03,247,0,0,443,TCP,DDoS
520.0,1169,2,2165044.74,4828.34,68.04,16.71,543,0,0,443,TCP,DDoS
36024.05,17,10,36857.48,24.72,978.63,123.12,0,15,0,80,TCP,Normal
2.68,2,0,1945.23,3373.4,33.73,0.0,1,0,0,7299,TCP,Port Scan
17.36,1,0,1292.95,3351.82,38.86,0.0,1,0,0,5989,TCP,Port Scan
10514.36,33,15,124758.07,126.52,594.92,180.94,1,12,0,443,TCP,Normal
1.84,2,0,644.26,2603.4,34.99,0.0,1,0,0,1237,TCP,Port Scan
36710.11,5,26,83593.93,242.69,503.5,238.18,0,19,0,80,UDP,Normal
463.04,583,2,5006970.04,6679.57,73.84,13.86,247,0,0,80,TCP,DDoS
8510.82,59,39,29970.51,56.64,125.34,43.64,5,54,0,22,TCP,Brute Force
41606.05,24,20,56339.36,170.84,776.09,185.42,0,9,0,80,TCP,Normal
8383.27,60,55,23054.53,40.88,103.77,44.36,2,46,0,22,TCP,Brute Force
18767.19,21,8,97423.36,204.42,726.46,122.33,0,13,0,443,TCP,Normal
36990.56,12,14,47780.9,131.78,804.04,58.75,0,19,0,80,TCP,Normal
70955.58,12,9,7176.72,14.06,259.52,203.12,1,12,1,1337,TCP,Botnet
25946.52,9,8,6724.06,7.33,426.27,128.15,1,11,1,6667,TCP,Botnet
1114.63,735,2,5416939.25,13544.88,51.89,8.67,265,0,0,80,TCP,DDoS
10.91,1,0,1603.91,3335.59,53.5,0.0,1,0,0,3144,TCP,Port Scan
7348.55,23,27,43885.28,103.05,685.92,185.94,0,6,0,443,TCP,Normal
47841.6,22,9,5534.56,22.97,412.81,140.91,0,17,1,9001,UDP,Botnet
9056.26,39,52,38220.4,55.7,108.71,44.06,5,40,0,22,TCP,Brute Force
39005.66,23,6,95629.23,92.81,971.49,150.3,0,16,0,443,TCP,Normal
1489.6,383,2,2298654.01,6854.88,76.53,13.39,260,0,0,443,TCP,DDoS
19153.64,31,15,107966.64,42.02,622.39,243.73,0,9,0,80,UDP,Normal
12934.01,34,8,128932.0,58.02,997.98,148.15,0,18,0,80,UDP,Normal
1108.4,26,8,105298.59,142.9,924.94,232.63,0,23,0,53,TCP,Normal
4745.35,77,32,38208.79,57.76,128.0,49.8,5,60,0,22,TCP,Brute Force
13.08,2,0,969.4,823.85,38.09,0.0,1,0,0,6578,TCP,Port Scan
44571.1,27,20,141484.5,230.39,408.04,140.02,1,4,0,8080,TCP,Normal
933.7,189,0,4370249.81,8496.85,81.57,24.29,562,0,0,53,TCP,DDoS
2173.06,15,27,89209.8,82.49,678.8,68.34,0,22,0,443,TCP,Normal
828.08,707,0,5181179.44,7548.12,63.62,14.41,351,0,0,53,TCP,DDoS
1169.79,636,2,4677815.42,3527.35,71.63,20.73,407,0,0,8080,TCP,DDoS
33099.46,4,28,9521.55,80.32,816.55,60.29,0,15,0,80,TCP,Normal
16.71,2,0,1732.42,1436.24,60.62,0.0,1,0,0,6878,TCP,Port Scan
13261.13,31,27,45505.05,100.24,1046.22,91.33,1,4,0,443,TCP,Normal
42601.86,8,13,7179.37,26.17,305.57,164.54,0,5,0,6667,TCP,Botnet
3694.02,21,16,72160.04,73.97,612.24,107.99,0,6,0,80,TCP,Normal
750.17,1144,2,1411009.57,6779.97,90.64,16.63,256,0,0,8080,TCP,DDoS
13658.41,19,9,9757.4,166.29,655.05,109.05,1,3,0,443,TCP,Normal
40516.58,16,11,24036.76,91.23,541.26,231.77,1,5,0,80,TCP,Normal
857.54,551,1,4799683.32,8528.44,92.8,21.41,544,0,0,80,TCP,DDoS
37.3,2,0,1488.56,1488.51,40.4,0.0,1,0,0,6121,TCP,Port Scan
822.43,345,0,2315198.81,15341.05,64.83,15.03,90,0,0,80,TCP,DDoS
10089.78,18,14,110066.75,45.67,825.82,106.21,0,3,0,443,TCP,Normal
6596.46,14,15,81448.74,110.13,861.38,71.78,0,18,0,443,UDP,Normal
44575.72,22,8,6057.05,11.96,432.95,203.77,1,16,0,6667,UDP,Botnet
1453.22,353,0,5990816.93,17942.46,50.52,11.25,214,0,0,80,TCP,DDoS
33041.52,18,18,129317.21,241.84,932.07,138.46,0,8,0,80,TCP,Normal
37278.72,22,5,121847.46,21.83,1047.19,138.66,0,27,0,80,TCP,Normal
17964.39,24,5,13366.92,122.2,592.88,174.41,1,22,0,443,TCP,Normal
14582.34,16,4,48966.87,242.31,1061.3,116.98,0,25,0,443,TCP,Normal
315.24,646,2,4040496.61,4116.43,67.7,8.65,463,1,0,53,TCP,DDoS
552.09,438,0,4488434.33,11792.74,59.65,16.54,502,0,0,8080,TCP,DDoS
41664.6,15,7,12886.66,168.18,1081.97,63.96,0,3,0,443,TCP,Normal
5735.38,26,20,54542.8,107.61,642.43,97.81,0,5,0,80,TCP,Normal
1178.08,431,2,4200443.07,16839.35,43.12,5.59,194,0,0,443,TCP,DDoS
22.22,2,0,304.62,3083.19,61.16,0.0,1,0,0,9003,TCP,Port Scan
2171.7,14,24,43752.51,116.95,466.08,75.14,0,24,0,443,TCP,Normal
6950.95,26,28,32722.65,97.8,616.09,239.41,1,11,0,80,TCP,Normal
52476.66,18,12,11775.77,21.37,414.03,109.95,0,16,0,8000,TCP,Botnet
9874.47,16,20,96576.23,188.62,492.1,193.16,1,25,0,443,TCP,Normal
1.21,1,0,2443.81,2463.93,61.96,0.0,1,0,0,8792,TCP,Port Scan
24.56,2,0,1981.3,891.23,50.98,0.0,1,0,0,9399,TCP,Port Scan
31995.02,16,3,16124.89,118.05,709.63,183.73,0,13,0,443,TCP,Normal
6.44,2,0,1495.12,2402.96,52.47,0.0,1,0,0,7200,TCP,Port Scan
53663.5,10,10,1898.76,23.35,246.57,128.58,1,6,0,4444,TCP,Botnet
41470.77,19,21,12936.24,66.98,693.09,93.93,0,6,0,443,TCP,Normal
14623.8,6,28,79719.25,43.54,926.24,231.25,1,20,0,80,TCP,Normal
2849.78,27,4,91908.5,158.49,416.05,114.42,0,21,0,80,TCP,Normal
100.46,952,2,3689665.27,17205.6,67.77,22.74,169,0,0,80,TCP,DDoS
327.37,167,0,2761710.33,12961.11,54.03,7.54,398,0,0,53,TCP,DDoS
27.24,1,0,1013.26,2952.32,46.17,0.0,1,0,0,1933,TCP,Port Scan
5021.75,77,63,40505.14,45.72,84.54,48.51,3,49,0,22,TCP,Brute Force
23.61,2,0,1577.93,1040.11,33.86,0.0,1,0,0,4309,TCP,Port Scan
19525.58,13,15,34249.28,226.03,732.76,162.66,0,7,0,80,TCP,Normal
43802.85,10,26,79761.42,132.43,866.8,77.93,0,15,0,80,UDP,Normal
196.85,478,1,1667174.2,12099.92,79.0,5.42,479,0,0,80,TCP,DDoS
6765.73,29,27,118291.67,153.01,502.87,212.22,0,17,0,80,TCP,Normal
41929.94,34,23,116004.28,20.0,691.6,154.5,0,12,0,80,TCP,Normal
18315.87,13,29,63937.09,197.52,738.71,229.51,1,10,0,80,TCP,Normal
21899.61,16,15,22182.88,86.44,678.49,233.91,1,27,0,443,TCP,Normal
23829.34,23,24,44068.72,83.83,1053.39,194.71,0,23,0,80,TCP,Normal
29778.75,34,14,119043.33,76.05,614.13,146.63,0,12,0,443,TCP,Normal
12.44,1,0,1802.63,2409.28,46.73,0.0,1,0,0,1271,TCP,Port Scan
8085.58,20,3,55309.05,119.32,947.25,146.83,1,24,0,443,TCP,Normal
10405.03,42,66,14758.53,88.79,181.65,29.15,5,41,0,22,TCP,Brute Force
5720.21,20,14,40893.29,148.43,557.88,82.17,0,23,0,80,TCP,Normal
36.42,2,0,1934.73,2073.16,36.79,0.0,1,0,0,4110,TCP,Port Scan
588.65,5,7,111198.15,138.43,512.95,66.71,0,13,0,443,UDP,Normal
3546.41,13,19,138511.16,154.42,776.83,103.77,0,24,0,53,TCP,Normal
132.79,470,1,3558205.95,12941.79,72.46,13.45,130,0,0,443,TCP,DDoS
43196.51,19,8,17782.06,64.74,974.39,185.33,0,6,0,443,TCP,Normal
23156.53,24,26,130602.92,220.46,692.84,138.88,0,18,0,80,TCP,Normal
27087.68,25,28,74731.06,29.37,514.8,137.72,1,14,0,80,TCP,Normal
2925.78,16,17,77383.85,69.81,1010.84,67.42,0,16,0,8080,TCP,Normal
14268.87,15,16,14923.9,226.4,483.57,115.57,1,23,0,80,TCP,Normal
29934.44,17,18,2307.91,26.31,330.41,214.52,1,14,0,6667,TCP,Botnet
14551.91,28,15,116146.46,181.48,631.95,185.13,0,19,0,443,TCP,Normal
210.09,173,2,2445809.25,3533.73,47.52,20.28,568,0,0,80,TCP,DDoS
41086.15,21,19,11736.73,26.56,392.94,97.92,1,13,0,9001,TCP,Botnet
269.61,566,2,2685432.71,3996.08,94.41,5.79,144,0,0,53,TCP,DDoS
12132.18,20,6,110314.01,70.53,714.36,209.29,0,17,0,53,TCP,Normal
5923.93,14,9,103762.09,61.73,767.61,191.81,0,12,0,80,UDP,Normal
11621.84,75,32,8408.74,44.78,219.0,18.24,5,30,0,22,TCP,Brute Force
9336.77,39,57,42850.48,82.41,196.39,31.43,2,28,0,21,TCP,Brute Force
43779.29,20,5,74290.77,101.72,877.76,182.45,1,14,0,80,TCP,Normal
28068.92,6,5,95569.04,218.82,810.86,166.19,1,21,0,443,TCP,Normal
1213.57,904,0,2770212.87,3520.74,45.61,17.03,439,0,0,53,TCP,DDoS
6731.58,32,39,39885.63,53.94,167.06,16.12,2,64,0,22,TCP,Brute Force
47285.9,9,8,6419.09,24.76,293.18,189.66,0,13,0,4444,TCP,Botnet
9506.24,58,47,43821.85,103.91,99.13,30.64,3,57,0,22,TCP,Brute Force
44359.23,10,28,40324.14,203.67,474.92,206.14,1,18,0,443,TCP,Normal
2328.17,5,19,43458.14,177.8,1064.15,103.61,1,20,0,53,TCP,Normal
33534.49,17,9,94171.84,178.21,662.68,157.74,0,12,0,443,TCP,Normal
10830.5,34,30,32439.7,89.17,198.89,36.61,2,31,0,22,TCP,Brute Force
34.5,2,0,1140.1,3023.04,53.78,0.0,1,0,0,2383,TCP,Port Scan
29856.22,25,22,62557.46,124.74,690.47,196.1,0,19,0,80,TCP,Normal
53511.62,11,6,6678.19,29.9,203.58,217.54,1,5,0,1337,TCP,Botnet
15084.75,13,6,84732.15,162.5,864.44,217.26,0,12,0,443,TCP,Normal
8139.73,26,7,7666.65,230.29,482.43,165.3,0,19,0,443,TCP,Normal
22499.5,29,15,35698.58,53.18,931.28,150.12,1,18,0,443,TCP,Normal
8376.14,77,29,24046.79,56.18,109.95,15.26,4,40,0,22,TCP,Brute Force
29312.62,31,17,40304.93,233.22,442.19,236.89,0,4,0,80,TCP,Normal
42466.25,4,15,100865.4,170.01,575.76,180.09,0,27,0,443,TCP,Normal
2782.58,31,7,110491.74,131.41,885.66,160.55,0,23,0,443,TCP,Normal
8857.91,37,58,22862.55,103.93,153.18,39.75,3,44,0,22,TCP,Brute Force
38703.54,12,15,107230.93,190.65,874.41,100.46,1,24,0,80,UDP,Normal
38527.36,9,22,131099.2,40.27,943.76,219.51,0,5,0,80,TCP,Normal
4731.36,32,39,42672.27,47.0,158.11,26.42,2,50,0,22,TCP,Brute Force
38819.68,16,12,7851.77,24.74,393.6,107.15,1,14,1,8000,UDP,Botnet
39.08,1,0,1631.79,1650.65,49.34,0.0,1,0,0,4741,TCP,Port Scan
18929.28,19,16,28871.12,115.48,410.03,145.67,0,24,0,80,TCP,Normal
27877.27,23,22,100079.93,215.04,907.02,208.42,0,5,0,80,TCP,Normal
5095.29,29,15,87356.27,88.16,1056.82,213.75,1,11,0,80,TCP,Normal
4140.5,55,27,17960.77,75.89,203.64,58.67,5,42,0,21,TCP,Brute Force
9517.22,74,38,36159.23,81.97,111.18,30.19,5,32,0,22,TCP,Brute Force
67491.11,8,10,5957.63,11.31,373.64,168.79,0,9,0,8000,TCP,Botnet
1.58,1,0,2015.26,1767.97,35.79,0.0,1,0,0,8547,TCP,Port Scan
36.3,2,0,2208.99,1413.3,32.26,0.0,1,0,0,4402,TCP,Port Scan
22258.32,12,27,148052.58,32.86,499.53,60.57,0,19,0,443,TCP,Normal
55.39,714,1,3450560.49,8699.4,64.67,24.61,387,0,0,80,TCP,DDoS
565.87,466,1,4383545.46,10718.57,51.01,11.39,337,0,0,80,TCP,DDoS
156.06,273,1,3628165.19,8078.31,66.04,17.26,521,0,0,8080,TCP,DDoS
682.64,832,0,3346460.97,14438.57,85.84,11.96,260,0,0,443,TCP,DDoS
39071.28,16,11,142816.58,153.77,705.63,166.02,0,21,0,80,TCP,Normal
8701.41,24,19,8167.77,198.13,494.1,143.54,0,8,0,443,TCP,Normal
44775.37,18,16,1460.63,20.26,369.2,219.07,0,13,0,1337,TCP,Botnet
25635.43,21,3,117451.5,124.26,767.07,138.15,0,8,0,443,TCP,Normal
31.4,1,0,709.79,1527.62,39.77,0.0,1,0,0,2324,TCP,Port Scan
36342.88,22,14,6240.53,7.51,250.83,133.09,1,12,0,6667,UDP,Botnet
30178.65,19,3,6728.11,52.13,901.02,244.56,1,13,0,80,TCP,Normal
253.95,373,1,3401735.01,10254.14,48.68,20.29,311,0,0,80,TCP,DDoS
37392.62,13,17,4159.1,17.63,437.61,104.14,0,14,0,1337,UDP,Botnet
12.85,2,0,496.71,2212.45,52.26,0.0,1,0,0,6806,TCP,Port Scan
839.06,1087,1,1500886.08,10441.13,49.3,7.52,340,0,0,80,TCP,DDoS
41715.64,13,13,11678.23,205.86,524.52,152.94,1,24,0,443,TCP,Normal
28996.48,14,10,9261.33,15.1,353.51,186.96,0,5,0,9001,TCP,Botnet
38.53,2,0,856.71,1604.71,44.26,0.0,1,0,0,2308,TCP,Port Scan
18978.22,6,17,85813.89,28.97,866.79,114.61,1,26,0,80,UDP,Normal
28139.23,9,4,135462.75,164.53,707.05,57.75,0,19,0,443,TCP,Normal
25515.27,18,18,2265.75,19.3,178.73,102.45,1,13,0,4444,UDP,Botnet
4.91,2,0,1518.54,1394.66,59.59,0.0,1,0,0,6672,TCP,Port Scan
16574.11,8,9,23532.72,153.91,609.91,56.88,0,26,0,443,TCP,Normal
24912.18,16,25,87440.08,33.61,842.96,203.78,1,10,0,80,UDP,Normal
42115.16,21,16,124995.19,59.26,421.32,90.89,0,10,0,80,TCP,Normal
33847.88,27,10,148005.77,115.39,927.71,224.29,0,10,0,443,TCP,Normal
69.6,485,0,1675890.87,14406.97,94.17,23.92,454,0,0,443,TCP,DDoS
9563.4,68,68,35158.16,53.86,119.99,53.91,5,33,0,22,TCP,Brute Force
600.42,1097,2,3562245.44,4483.1,84.67,22.32,292,0,0,53,TCP,DDoS
56694.96,15,9,4144.02,19.46,360.18,171.65,0,11,0,1337,TCP,Botnet
41869.41,34,22,51807.42,79.36,724.79,76.66,1,13,0,80,TCP,Normal
37370.72,28,15,49630.4,230.17,1066.97,115.35,0,12,0,80,TCP,Normal
42314.49,13,6,110230.26,161.97,917.59,92.93,0,12,0,80,TCP,Normal
11540.42,70,63,30984.41,40.28,210.36,31.27,2,27,0,22,TCP,Brute Force
769.52,426,1,4416539.99,13479.53,78.72,14.85,238,0,0,80,TCP,DDoS
10220.6,23,13,52030.03,48.08,649.41,231.37,0,27,0,443,UDP,Normal
27226.45,26,8,138311.84,134.3,1094.51,220.28,0,17,0,80,TCP,Normal
35806.03,6,21,34094.4,248.77,462.87,50.46,0,6,0,443,TCP,Normal
900.37,905,2,3235998.43,11974.59,41.7,10.5,489,1,0,80,TCP,DDoS
19643.49,12,15,6349.9,12.81,235.51,182.27,0,8,0,1337,UDP,Botnet
254.63,1047,2,4096019.06,16719.25,51.48,18.31,103,0,0,80,TCP,DDoS
39138.13,34,28,112692.45,117.86,642.15,124.21,1,26,0,443,TCP,Normal
42224.97,27,9,87676.34,160.35,1059.66,207.64,0,4,0,443,TCP,Normal
12672.62,17,7,147514.72,143.39,751.84,101.56,1,5,0,80,TCP,Normal
1225.7,924,0,5470243.94,13974.07,60.18,7.12,457,1,0,443,TCP,DDoS
1415.63,536,2,5717502.39,9133.91,76.41,14.3,500,0,0,80,TCP,DDoS
35491.76,10,11,108817.78,159.68,462.0,185.37,0,8,0,8080,TCP,Normal
26668.6,29,23,62349.7,159.42,818.41,208.59,0,21,0,443,UDP,Normal
4693.32,76,45,37910.15,81.64,181.39,31.48,5,27,0,3389,TCP,Brute Force
34.53,2,0,1170.04,1196.36,47.33,0.0,1,0,0,5145,TCP,Port Scan
44632.55,26,25,16176.31,98.29,1006.47,93.11,0,23,0,80,TCP,Normal
1272.97,653,2,1103145.46,17976.32,81.38,22.28,260,0,0,80,TCP,DDoS
10560.52,24,10,139907.77,41.93,715.04,117.49,1,25,0,80,TCP,Normal
22753.57,14,28,8177.43,89.24,751.84,61.24,0,6,0,80,TCP,Normal
949.03,23,5,132996.49,31.94,533.78,112.02,1,6,0,443,TCP,Normal
37.9,2,0,912.95,3317.87,39.95,0.0,1,0,0,6589,TCP,Port Scan
3.73,1,0,1523.7,3298.21,36.7,0.0,1,0,0,9887,TCP,Port Scan
10864.13,16,4,35365.56,143.53,916.05,175.46,0,18,0,443,UDP,Normal
26972.77,11,11,11553.94,5.54,371.6,214.23,1,16,0,6667,TCP,Botnet
119.31,1022,1,1742211.19,13079.16,65.27,24.84,168,0,0,80,TCP,DDoS
3093.27,52,71,22573.73,63.87,172.06,52.56,2,27,0,22,TCP,Brute Force
29260.79,4,5,83182.71,78.67,937.51,200.36,0,21,0,80,TCP,Normal
17712.92,16,26,26338.67,88.53,462.83,232.17,0,27,0,80,TCP,Normal
17.83,1,0,1447.43,2874.68,34.85,0.0,1,0,0,7131,TCP,Port Scan
2567.04,22,9,29726.0,34.96,1064.22,243.13,1,11,0,80,TCP,Normal
68070.16,19,10,5886.73,7.07,180.65,145.83,1,12,0,4444,TCP,Botnet
1116.87,34,10,101987.1,203.69,1052.93,54.03,0,22,0,443,TCP,Normal
1203.69,14,18,137119.4,101.62,697.34,93.07,0,18,0,80,UDP,Normal
24828.61,25,20,117394.26,236.08,1026.38,169.58,1,10,0,443,TCP,Normal
609.43,852,1,1161445.61,17582.5,40.79,17.03,239,0,0,80,TCP,DDoS
42870.4,22,3,149824.98,32.64,804.98,66.51,0,15,0,443,TCP,Normal
68783.97,16,16,8493.49,28.31,221.08,177.11,1,16,1,6667,TCP,Botnet
31504.8,16,13,132233.44,189.07,962.44,106.41,0,11,0,443,TCP,Normal
13754.74,23,21,73385.82,72.32,516.33,116.55,1,7,0,80,TCP,Normal
28806.27,25,11,93823.15,220.95,906.78,74.11,1,8,0,443,UDP,Normal
39294.37,29,21,146500.46,97.49,527.48,207.94,0,21,0,80,TCP,Normal
18601.43,18,10,105019.73,237.46,842.48,137.06,0,20,0,80,TCP,Normal
1019.69,281,1,5851885.06,7143.58,83.58,9.5,118,0,0,443,TCP,DDoS
1396.66,658,1,1648196.31,6738.06,58.8,8.37,313,1,0,443,TCP,DDoS
20.64,1,0,2082.33,3474.01,38.15,0.0,1,0,0,6681,TCP,Port Scan
45986.28,19,9,3245.05,18.7,157.19,186.99,1,5,0,1337,TCP,Botnet
31179.06,12,29,105610.16,90.34,931.47,173.95,0,12,0,80,TCP,Normal
26065.15,16,17,2050.06,17.16,212.93,107.87,1,6,0,4444,TCP,Botnet
1341.18,409,0,4280804.2,10154.88,75.33,5.77,590,0,0,443,TCP,DDoS
70718.02,12,10,5732.27,9.7,152.49,215.81,0,12,1,1337,TCP,Botnet
21340.69,15,23,12285.24,28.03,785.81,137.64,1,3,0,443,TCP,Normal
28566.17,27,12,105017.93,53.11,816.75,84.42,1,22,0,80,TCP,Normal
37365.52,33,24,74141.64,164.92,980.06,206.69,0,9,0,443,TCP,Normal
4621.83,30,23,137609.56,119.82,581.1,136.88,1,21,0,443,TCP,Normal
79420.55,18,7,3483.88,11.64,178.45,128.56,1,8,0,8000,TCP,Botnet
194.98,931,2,961495.76,11312.72,81.91,15.75,302,0,0,80,TCP,DDoS
1.28,1,0,1527.2,1755.85,58.27,0.0,1,0,0,1079,TCP,Port Scan
549.49,30,18,36594.25,172.22,843.6,168.69,0,8,0,443,UDP,Normal
31894.31,24,19,113836.78,74.28,500.48,87.08,0,24,0,443,UDP,Normal
7001.3,15,9,39079.54,170.02,683.64,169.21,0,15,0,443,UDP,Normal
247.1,471,2,1112380.48,7882.55,47.9,19.2,226,0,0,80,TCP,DDoS
30296.16,21,18,11534.4,26.98,271.35,120.81,1,6,0,8000,TCP,Botnet
6067.89,68,70,33870.72,91.58,137.51,38.66,4,34,0,22,TCP,Brute Force
21.48,1,0,238.66,2204.57,54.27,0.0,1,0,0,9346,TCP,Port Scan
19254.26,17,28,145105.29,49.31,895.38,244.56,1,21,0,443,TCP,Normal
871.17,1062,1,1564477.77,13663.41,93.54,20.81,303,1,0,80,TCP,DDoS
96.39,190,2,3976472.43,16068.97,40.85,13.71,83,0,0,80,TCP,DDoS
5.13,1,0,1743.29,1232.53,32.25,0.0,1,0,0,1206,TCP,Port Scan
2.3,2,0,383.18,2375.28,62.33,0.0,1,0,0,4144,TCP,Port Scan
5829.41,20,15,91070.91,176.19,952.42,149.69,0,17,0,443,TCP,Normal
37639.3,19,16,137369.4,150.11,527.87,77.92,0,15,0,443,TCP,Normal
8876.33,25,7,13265.35,155.19,988.24,53.5,0,8,0,80,UDP,Normal
38.59,2,0,1035.2,3080.71,45.39,0.0,1,0,0,8582,TCP,Port Scan
24687.45,9,16,71453.59,131.48,516.04,239.14,1,4,0,80,UDP,Normal
15.16,2,0,1093.91,1969.01,36.61,0.0,1,0,0,1955,TCP,Port Scan
605.26,357,1,5088057.03,12125.25,64.44,23.88,596,0,0,53,TCP,DDoS
18022.1,12,15,40168.92,87.09,1047.02,96.08,0,3,0,80,TCP,Normal
1186.7,255,2,5787383.92,16966.35,83.42,19.47,487,0,0,80,TCP,DDoS
8548.92,34,13,41560.87,132.89,452.87,173.57,0,25,0,80,TCP,Normal
21897.25,30,19,90124.89,27.55,1038.92,99.65,0,22,0,443,UDP,Normal
11615.85,48,36,35028.43,58.2,94.26,33.66,2,45,0,21,TCP,Brute Force
5090.39,50,34,20744.22,102.93,127.45,51.87,4,25,0,22,TCP,Brute Force
295.87,483,0,5652770.32,17075.42,90.28,15.93,455,0,0,443,TCP,DDoS
44482.49,14,22,13444.49,80.32,705.25,81.38,1,10,0,443,TCP,Normal
72453.0,19,16,10639.81,29.94,223.41,197.91,0,10,0,6667,TCP,Botnet
23182.81,26,21,26933.32,85.48,663.18,201.26,0,14,0,80,TCP,Normal
26.63,1,0,2234.52,1379.3,52.29,0.0,1,0,0,2201,TCP,Port Scan
51167.24,18,13,11848.5,6.23,415.96,158.72,0,8,1,4444,TCP,Botnet
11.11,2,0,1553.4,2303.77,52.99,0.0,1,0,0,4257,TCP,Port Scan
19002.99,5,18,58818.43,220.05,911.35,179.54,1,25,0,443,TCP,Normal
566.79,802,2,3365376.26,3601.04,94.14,12.67,499,0,0,53,TCP,DDoS
2957.4,27,12,15849.07,120.85,770.92,247.06,0,10,0,443,TCP,Normal
4012.38,24,19,73808.93,103.14,651.11,155.85,0,23,0,443,TCP,Normal
23852.47,34,12,11766.52,243.96,562.94,68.12,0,14,0,443,TCP,Normal
43272.16,24,18,113361.42,144.13,810.73,243.05,0,15,0,80,TCP,Normal
3018.06,18,9,141945.04,167.6,870.04,176.46,0,21,0,443,TCP,Normal
13.74,1,0,1320.67,1759.68,40.05,0.0,1,0,0,454,TCP,Port Scan
468.96,1068,1,2766621.02,11646.08,83.56,11.49,593,1,0,443,TCP,DDoS
15648.11,24,7,9038.2,21.86,250.82,103.77,0,10,0,4444,TCP,Botnet
5193.58,23,25,124204.96,107.5,942.93,242.9,0,12,0,80,TCP,Normal
10725.2,50,65,15983.67,43.49,122.76,46.31,2,27,0,22,TCP,Brute Force
14853.51,11,3,24810.09,183.05,786.97,109.3,0,20,0,53,UDP,Normal
24541.8,10,7,11043.41,17.54,258.54,103.9,0,6,0,4444,TCP,Botnet
9.39,2,0,369.24,2498.61,57.38,0.0,1,0,0,349,TCP,Port Scan
794.48,542,0,2911771.9,4690.1,71.73,5.82,135,0,0,8080,TCP,DDoS
4523.64,32,12,42490.8,97.56,681.58,60.24,0,15,0,443,TCP,Normal
1442.39,1185,2,4967131.98,8964.52,58.5,9.69,165,0,0,443,TCP,DDoS
1130.46,311,0,855495.9,14648.36,85.19,6.19,545,0,0,443,TCP,DDoS
15365.03,7,12,39632.55,238.33,613.57,83.77,0,19,0,80,TCP,Normal
906.76,952,2,5591580.23,17677.59,40.59,17.45,233,0,0,80,TCP,DDoS
22390.93,26,28,76255.64,140.16,793.9,138.24,0,27,0,80,TCP,Normal
42911.7,32,19,85150.92,151.63,1086.23,65.07,0,25,0,80,TCP,Normal
18661.3,32,23,37175.57,184.37,1017.09,196.26,0,26,0,443,TCP,Normal
27328.73,14,3,149738.99,37.24,556.11,131.58,0,4,0,80,TCP,Normal
25930.55,23,10,22041.31,169.32,922.23,166.67,1,19,0,80,TCP,Normal
37386.74,20,16,91459.13,72.9,484.4,65.39,0,10,0,443,TCP,Normal
44829.02,9,20,127506.35,77.27,803.69,63.45,0,22,0,53,UDP,Normal
11506.99,17,11,23728.12,239.43,824.32,95.73,0,4,0,80,TCP,Normal
1195.88,826,1,3769156.17,9118.24,76.38,22.64,582,0,0,80,TCP,DDoS
12008.63,23,28,52881.18,194.05,763.57,90.98,1,24,0,80,TCP,Normal
33586.12,34,20,123605.22,211.39,755.23,51.28,0,16,0,80,TCP,Normal
1049.21,1091,1,5265094.69,4762.14,83.21,18.47,256,0,0,80,TCP,DDoS
1479.59,802,1,3946528.44,8936.17,56.43,22.34,554,0,0,80,TCP,DDoS
15478.89,13,7,14189.37,247.69,625.65,211.97,0,7,0,80,TCP,Normal
38110.33,11,10,3490.95,16.83,440.58,188.05,1,17,0,4444,TCP,Botnet
951.19,880,0,1771217.15,15468.69,82.17,12.01,428,0,0,53,TCP,DDoS
31927.78,8,7,38818.07,153.7,1004.2,226.07,0,9,0,8080,TCP,Normal
5463.31,38,71,20039.98,55.96,168.73,40.61,3,32,0,22,TCP,Brute Force
5804.86,5,27,12647.87,211.86,482.58,59.03,0,23,0,80,TCP,Normal
658.91,1154,2,2535837.54,13915.6,76.81,6.44,427,0,0,80,TCP,DDoS
15.28,1,0,2273.22,3051.57,49.71,0.0,1,0,0,9887,TCP,Port Scan
9831.96,45,68,32581.1,59.67,201.35,34.63,4,39,0,22,TCP,Brute Force
1034.41,593,0,3030214.64,12783.96,79.99,5.01,149,0,0,443,TCP,DDoS
22221.23,29,16,19388.29,118.59,839.95,93.03,0,7,0,53,TCP,Normal
8.44,2,0,2041.18,1485.25,45.52,0.0,1,0,0,1401,TCP,Port Scan
32454.03,22,7,111171.78,73.59,969.2,167.69,0,7,0,443,TCP,Normal
13660.77,12,3,52476.04,57.86,526.82,208.14,0,27,0,443,TCP,Normal
5331.35,38,46,11670.2,112.71,110.1,24.21,5,31,0,22,TCP,Brute Force
5286.32,70,33,12877.95,93.15,109.97,34.48,5,60,0,22,TCP,Brute Force
78599.68,8,17,5468.44,13.33,251.56,107.52,1,14,0,4444,TCP,Botnet
15.17,1,0,2248.9,1055.05,63.64,0.0,1,0,0,3050,TCP,Port Scan
24408.22,26,25,89791.09,112.07,888.37,86.01,0,27,0,53,TCP,Normal
1365.5,962,2,5623088.48,3994.35,60.17,13.05,574,0,0,443,TCP,DDoS
13545.07,19,20,6885.28,39.67,545.52,55.31,0,6,0,443,TCP,Normal
5709.37,25,14,23396.56,156.27,737.75,174.52,0,8,0,80,TCP,Normal
586.92,717,1,5338717.22,15218.48,52.87,9.01,126,0,0,80,TCP,DDoS
7657.74,29,18,122704.07,190.59,1017.02,105.58,0,12,0,443,TCP,Normal
9715.72,30,6,135421.01,183.33,1056.16,170.66,0,25,0,443,TCP,Normal
281.64,731,0,2282970.3,14892.6,89.82,24.5,499,0,0,80,TCP,DDoS
39789.71,33,13,35628.62,218.49,1020.27,89.33,1,26,0,53,TCP,Normal
36685.07,19,10,117290.83,108.68,754.68,221.2,1,24,0,443,TCP,Normal
780.18,908,2,3095976.85,10359.2,86.68,19.12,242,0,0,80,TCP,DDoS
1031.62,690,2,2311756.0,17755.98,92.84,11.41,413,0,0,80,TCP,DDoS
18054.19,9,12,118827.4,225.18,1068.73,207.38,0,3,0,443,TCP,Normal
42083.56,20,13,9628.75,28.03,241.84,114.68,0,10,0,6667,TCP,Botnet
5416.1,17,26,46649.65,88.15,563.53,58.42,0,16,0,80,TCP,Normal
16293.28,31,16,103131.64,130.98,745.12,66.66,0,14,0,80,TCP,Normal
29.17,1,0,1173.07,1552.64,47.07,0.0,1,0,0,3212,TCP,Port Scan
21900.32,24,12,140916.23,182.38,841.82,59.97,1,5,0,443,TCP,Normal
172.36,408,2,986642.31,16722.87,59.36,13.22,376,0,0,443,TCP,DDoS
42766.1,8,17,138280.6,39.03,1013.66,160.32,0,26,0,80,TCP,Normal
25506.12,16,16,93378.35,150.74,954.4,247.34,0,8,0,53,TCP,Normal
17.69,1,0,2397.69,2603.0,33.9,0.0,1,0,0,9650,TCP,Port Scan
24.44,2,0,672.12,1590.85,43.08,0.0,1,0,0,6231,TCP,Port Scan
76948.03,8,11,5325.98,7.29,183.68,181.74,1,14,0,6667,UDP,Botnet
1094.6,467,1,5706539.13,3628.21,67.67,16.68,324,0,0,443,TCP,DDoS
12931.86,21,28,41693.47,199.67,977.59,149.09,0,24,0,443,TCP,Normal
29570.2,8,26,146345.01,169.57,539.68,186.05,0,17,0,80,TCP,Normal
2.94,1,0,1828.45,1486.39,59.59,0.0,1,0,0,34,TCP,Port Scan
1043.04,22,21,86998.71,184.72,819.32,215.36,1,10,0,443,TCP,Normal
5892.16,58,40,13700.8,91.72,105.57,48.77,2,45,0,21,TCP,Brute Force
5863.25,10,11,32926.86,46.51,695.23,209.07,1,22,0,443,TCP,Normal
25317.15,18,25,145917.57,137.9,603.61,143.88,1,15,0,80,TCP,Normal
11304.08,76,64,19777.66,44.38,178.46,55.11,2,29,0,3389,TCP,Brute Force
39627.94,27,22,21325.62,113.79,1020.47,59.44,1,17,0,53,TCP,Normal
16297.34,7,15,80263.67,35.55,960.25,96.74,0,8,0,443,TCP,Normal
5184.03,20,15,145943.66,72.55,1084.22,156.38,0,16,0,80,TCP,Normal
24562.69,24,3,49780.99,130.92,482.94,242.3,1,21,0,80,TCP,Normal
20131.2,30,20,43348.41,135.82,447.68,93.63,1,12,0,443,TCP,Normal
1228.0,896,1,5632919.34,12426.34,61.72,10.08,319,1,0,443,TCP,DDoS
22755.02,22,15,131226.41,165.23,772.75,73.08,0,9,0,80,TCP,Normal
32549.01,24,12,25302.69,80.65,586.55,196.44,0,15,0,443,TCP,Normal
777.67,722,2,3814785.58,12284.03,55.56,22.9,496,0,0,443,TCP,DDoS
1081.13,1009,1,2057175.44,10245.21,88.78,12.57,201,0,0,80,TCP,DDoS
999.66,1141,1,1460067.5,17004.23,87.7,9.67,472,0,0,443,TCP,DDoS
518.21,351,1,3898929.34,3470.42,49.36,17.66,525,0,0,80,TCP,DDoS
31413.99,33,8,90583.45,103.02,464.11,233.46,0,12,0,443,TCP,Normal
40266.77,10,13,136621.64,249.21,890.3,204.09,0,21,0,53,TCP,Normal
8564.87,6,3,112462.49,152.13,989.28,77.95,1,16,0,443,TCP,Normal
10897.31,52,54,37644.77,101.73,208.73,38.99,3,31,0,22,TCP,Brute Force
31.71,1,0,2129.81,3314.84,42.32,0.0,1,0,0,5439,TCP,Port Scan
22493.93,8,11,10068.33,10.62,412.25,116.88,0,11,0,1337,UDP,Botnet
42873.87,13,24,43472.29,158.36,607.59,192.88,1,8,0,443,TCP,Normal
7372.39,44,25,34566.23,115.49,177.09,57.32,5,55,0,22,TCP,Brute Force
9093.0,79,26,44226.83,96.96,149.05,53.58,4,64,0,22,TCP,Brute Force
152.17,1158,0,2487434.58,17176.84,55.55,14.22,109,0,0,80,TCP,DDoS
23779.86,6,10,62930.22,95.16,407.57,215.31,1,7,0,80,TCP,Normal
27381.19,30,10,39634.22,128.02,715.33,144.59,0,16,0,443,TCP,Normal
5456.25,68,43,23381.32,98.27,191.83,57.53,3,54,0,22,TCP,Brute Force
12577.72,26,16,132888.86,209.47,905.21,104.31,0,27,0,80,TCP,Normal
30361.96,16,25,84649.92,91.76,737.75,151.33,0,6,0,80,TCP,Normal
40304.36,16,19,13919.97,223.07,761.26,231.3,0,10,0,443,TCP,Normal
5060.88,37,53,32289.45,41.48,196.46,22.86,2,46,0,21,TCP,Brute Force
44077.22,4,3,77903.6,53.22,709.45,116.82,0,22,0,80,TCP,Normal
7621.11,21,8,114650.97,125.46,602.47,230.02,0,12,0,80,TCP,Normal
17.23,2,0,1847.2,1925.22,56.23,0.0,1,0,0,484,TCP,Port Scan
3.1,1,0,2237.97,2768.39,61.69,0.0,1,0,0,5406,TCP,Port Scan
33263.0,15,17,107548.36,196.59,461.1,151.22,1,15,0,443,TCP,Normal
19907.63,15,5,142525.73,195.63,498.08,223.69,0,16,0,443,TCP,Normal
663.91,868,0,3539148.3,7863.76,46.11,13.86,388,0,0,443,TCP,DDoS
12957.06,19,9,100281.14,120.2,911.03,59.54,0,21,0,443,TCP,Normal
1.8,1,0,1770.94,2537.52,32.49,0.0,1,0,0,2818,TCP,Port Scan
34484.31,30,12,83734.73,105.98,837.73,52.47,0,12,0,80,TCP,Normal
29156.07,24,14,12911.98,157.88,1031.68,126.64,0,3,0,443,TCP,Normal
208.57,619,0,2551608.05,11542.24,87.36,6.57,176,0,0,80,TCP,DDoS
1402.96,999,2,2993515.14,13369.53,89.66,22.01,542,0,0,80,TCP,DDoS
1298.79,477,0,2921704.47,13311.97,53.74,17.81,126,0,0,80,TCP,DDoS
3378.05,78,27,25032.1,85.32,100.91,36.11,3,31,0,22,TCP,Brute Force
225.13,1186,0,2295277.97,5404.81,55.52,9.67,194,0,0,443,TCP,DDoS
8.22,2,0,2025.82,2055.09,49.2,0.0,1,0,0,1146,TCP,Port Scan
24656.79,9,8,53258.29,188.03,885.6,83.35,1,3,0,443,UDP,Normal
17379.1,24,11,34809.07,201.19,822.61,72.85,0,13,0,53,TCP,Normal
1211.7,604,1,1832422.87,10422.43,80.83,20.41,506,0,0,80,TCP,DDoS
31500.96,27,7,107549.6,55.08,803.4,171.34,0,16,0,53,UDP,Normal
33023.73,31,29,58957.43,140.03,447.58,86.25,1,5,0,80,TCP,Normal
852.91,431,1,4607910.95,14654.2,87.99,9.31,183,0,0,80,TCP,DDoS
973.39,781,0,2726555.47,11533.82,88.49,23.84,158,0,0,443,TCP,DDoS
38.05,1,0,403.6,2444.3,41.22,0.0,1,0,0,888,TCP,Port Scan
9233.52,38,45,40511.81,68.55,121.98,24.62,5,55,0,22,TCP,Brute Force
16966.09,12,25,119552.15,93.14,805.81,119.12,1,21,0,80,TCP,Normal
1101.94,616,2,4525555.5,6744.37,88.27,21.26,199,0,0,53,TCP,DDoS
8980.63,21,13,135939.04,31.7,1004.49,118.19,1,4,0,53,TCP,Normal
12.37,2,0,1867.72,3405.59,40.33,0.0,1,0,0,3945,TCP,Port Scan
497.85,690,2,3151827.46,3241.62,46.44,8.7,265,0,0,80,TCP,DDoS
16.49,2,0,2210.88,1163.22,37.53,0.0,1,0,0,5335,TCP,Port Scan
19183.27,23,25,65493.05,56.85,519.66,133.63,1,16,0,443,TCP,Normal
4269.54,66,73,22919.49,96.7,151.01,51.18,3,25,0,22,TCP,Brute Force
109.14,611,2,2321566.25,8366.77,91.79,19.22,125,0,0,8080,TCP,DDoS
36392.74,13,8,3851.42,21.29,399.68,144.3,0,11,0,1337,UDP,Botnet
10343.82,29,11,141888.6,29.07,893.9,235.05,0,23,0,443,TCP,Normal
14136.68,15,7,144850.79,86.57,735.74,244.57,0,20,0,80,TCP,Normal
32948.87,12,19,9966.19,23.66,317.99,168.39,0,10,0,1337,TCP,Botnet
1031.7,949,1,4652592.67,12927.9,59.55,21.18,209,0,0,80,TCP,DDoS
1319.05,867,2,2902695.04,5429.51,78.54,23.54,539,0,0,443,TCP,DDoS
862.51,898,1,1358756.73,15691.79,80.46,9.23,343,0,0,80,TCP,DDoS
9681.85,5,19,77995.5,178.79,427.52,209.88,0,17,0,443,TCP,Normal
44564.3,26,7,81956.92,169.72,851.21,162.26,1,19,0,80,TCP,Normal
786.45,1003,1,5071985.01,3428.56,74.7,11.99,110,0,0,53,TCP,DDoS
54564.77,22,7,10170.3,13.89,234.47,197.72,0,9,0,9001,TCP,Botnet
1820.24,14,16,148958.44,50.24,592.31,128.92,0,14,0,53,TCP,Normal
44070.17,6,3,23308.39,175.52,627.57,187.27,0,9,0,80,TCP,Normal
39138.07,15,29,21228.34,82.04,439.96,156.23,1,3,0,80,TCP,Normal
70454.87,8,6,8657.82,18.66,360.29,211.0,1,17,0,6667,TCP,Botnet
10826.48,7,3,85378.93,65.89,605.76,97.42,1,25,0,80,TCP,Normal
5110.04,42,69,11400.16,106.76,130.51,42.55,2,65,0,22,TCP,Brute Force
12382.76,9,26,120626.77,171.44,995.41,223.46,1,13,0,80,UDP,Normal
33.78,1,0,504.09,2727.57,45.93,0.0,1,0,0,7268,TCP,Port Scan
20263.68,21,11,147681.91,86.33,1072.79,127.9,0,18,0,443,UDP,Normal
73462.74,17,14,7485.47,21.74,247.75,160.39,0,14,0,6667,UDP,Botnet
38.67,2,0,1237.08,1751.57,49.76,0.0,1,0,0,5737,TCP,Port Scan
12725.12,6,3,60524.4,243.49,994.24,194.35,0,16,0,443,TCP,Normal
2776.18,18,8,79197.58,131.16,667.95,217.83,0,6,0,80,TCP,Normal
474.48,346,0,3130436.54,7116.19,61.62,12.76,334,0,0,53,TCP,DDoS
349.96,1062,2,3451922.41,9908.74,89.54,23.6,318,0,0,80,TCP,DDoS
24944.85,8,19,103709.6,127.36,424.12,243.92,1,18,0,80,TCP,Normal
3494.17,12,27,5536.85,57.39,644.67,113.14,1,17,0,80,TCP,Normal
16588.59,30,15,89836.37,72.04,1026.99,206.7,0,21,0,443,TCP,Normal
36.25,1,0,1377.67,1169.68,42.91,0.0,1,0,0,9987,TCP,Port Scan
6260.66,39,71,41105.72,79.74,164.0,23.14,4,66,0,22,TCP,Brute Force
14545.68,15,12,51506.37,64.22,616.63,244.98,0,12,0,443,TCP,Normal
10816.16,31,26,19596.29,70.45,82.6,47.61,2,48,0,22,TCP,Brute Force
824.62,1170,2,5703707.69,14926.09,49.97,19.24,250,0,0,443,TCP,DDoS
16068.52,18,3,100105.98,65.73,620.51,94.92,0,17,0,80,TCP,Normal
426.13,1150,0,3117795.07,15541.78,54.57,13.97,308,0,0,80,TCP,DDoS
18443.24,21,14,2640.68,27.0,303.21,91.52,0,5,0,6667,TCP,Botnet
31951.59,25,22,60007.0,159.27,649.71,156.7,1,26,0,443,TCP,Normal
13845.44,15,26,90044.21,141.0,931.52,192.53,0,20,0,443,TCP,Normal
11.25,1,0,855.17,865.45,52.0,0.0,1,0,0,5461,TCP,Port Scan
1387.22,919,0,1553649.14,6821.51,90.3,7.26,225,0,0,80,TCP,DDoS
75450.44,18,11,5420.1,23.52,330.44,174.03,0,7,0,8000,TCP,Botnet
1328.15,444,1,1902633.22,4576.46,77.86,8.17,180,1,0,53,TCP,DDoS
40991.89,31,28,89400.17,203.5,1005.06,141.38,0,14,0,443,TCP,Normal
8094.58,24,11,118490.93,81.04,524.44,188.32,0,6,0,8080,TCP,Normal
43634.88,22,16,4709.91,19.12,414.44,190.76,1,6,0,4444,TCP,Botnet
850.87,1049,0,2880154.11,14675.09,91.77,22.24,433,0,0,80,TCP,DDoS
848.39,402,1,3026190.56,16203.72,92.85,22.86,346,0,0,443,TCP,DDoS
16.87,1,0,394.88,2482.03,32.22,0.0,1,0,0,5210,TCP,Port Scan
435.93,282,2,5932828.29,11353.21,55.29,12.97,422,0,0,443,TCP,DDoS
768.79,998,0,4443945.07,13900.06,91.84,21.64,200,0,0,80,TCP,DDoS
62059.99,16,15,9520.46,14.27,369.14,137.49,0,16,0,6667,TCP,Botnet
3817.5,10,11,116975.49,65.7,403.87,213.09,1,5,0,443,TCP,Normal
452.15,1069,2,1635136.36,8110.28,57.82,16.74,171,0,0,443,TCP,DDoS
22411.88,14,9,28732.97,83.7,446.06,191.2,0,19,0,8080,TCP,Normal
37.31,1,0,2161.86,3426.71,40.53,0.0,1,0,0,5082,TCP,Port Scan
20684.27,11,24,104426.58,229.35,847.32,240.71,1,4,0,443,TCP,Normal
1375.94,1042,0,5207729.71,14573.55,88.45,21.11,516,0,0,8080,TCP,DDoS
1093.94,923,1,3103807.88,12267.2,82.35,7.08,197,0,0,443,TCP,DDoS
14678.1,32,11,16257.91,210.64,644.22,154.32,1,25,0,443,UDP,Normal
23.41,2,0,1501.23,1786.72,61.96,0.0,1,0,0,6854,TCP,Port Scan
24.07,1,0,610.32,2185.29,58.05,0.0,1,0,0,4511,TCP,Port Scan
25.54,1,0,2157.78,2638.51,60.71,0.0,1,0,0,5216,TCP,Port Scan
28988.82,4,10,14056.35,223.2,713.82,152.09,0,25,0,80,TCP,Normal
29.85,2,0,2364.89,2417.62,63.75,0.0,1,0,0,5342,TCP,Port Scan
10312.44,33,23,131740.41,77.42,584.27,50.13,1,20,0,80,TCP,Normal
25.38,2,0,1692.91,2331.34,49.71,0.0,1,0,0,1005,TCP,Port Scan
293.93,641,1,4374336.82,8587.91,54.43,20.19,455,0,0,443,TCP,DDoS
7776.81,30,27,145564.79,79.37,859.72,115.04,1,26,0,80,TCP,Normal
44700.3,5,28,86872.78,138.82,599.22,153.44,1,20,0,443,TCP,Normal
8.79,1,0,337.14,2993.63,41.62,0.0,1,0,0,775,TCP,Port Scan
29.92,1,0,1494.07,2968.01,45.67,0.0,1,0,0,9572,TCP,Port Scan
13.89,1,0,1689.64,2019.7,63.0,0.0,1,0,0,4880,TCP,Port Scan
29794.69,17,11,7246.77,22.39,185.52,115.09,0,8,0,4444,TCP,Botnet
10063.79,10,20,131427.39,152.71,641.84,210.6,0,13,0,443,UDP,Normal
9667.25,30,18,54570.54,246.73,987.03,211.71,0,14,0,443,TCP,Normal
9575.73,75,50,34448.0,98.42,151.75,47.05,4,33,0,21,TCP,Brute Force
8024.11,5,26,60027.92,72.15,667.13,75.77,0,16,0,443,TCP,Normal
2.36,2,0,1615.42,1786.16,44.57,0.0,1,0,0,845,TCP,Port Scan
43345.06,34,11,49188.91,210.76,597.06,224.55,0,8,0,80,TCP,Normal
5675.86,69,66,13274.58,107.06,182.37,44.9,4,51,0,3389,TCP,Brute Force
62183.09,13,14,6086.29,29.41,164.94,105.29,1,6,0,8000,UDP,Botnet
20977.22,10,24,47135.2,201.0,478.36,121.19,1,21,0,443,TCP,Normal
5079.76,16,17,127735.58,49.32,678.1,209.46,0,17,0,443,TCP,Normal
33114.0,11,20,32310.62,188.09,509.31,96.91,1,17,0,443,TCP,Normal
1112.04,796,0,3966950.51,14534.7,64.57,14.46,428,0,0,443,TCP,DDoS
906.05,554,0,936748.18,6915.43,69.59,23.15,558,0,0,443,TCP,DDoS
963.38,475,1,3614040.11,4327.3,41.45,20.82,228,0,0,443,TCP,DDoS
32974.79,31,21,16602.65,102.68,1000.86,96.52,0,8,0,80,TCP,Normal
38.06,1,0,863.93,3332.57,58.42,0.0,1,0,0,5013,TCP,Port Scan
12180.58,12,29,109134.35,48.62,819.72,160.07,0,6,0,443,TCP,Normal
850.63,237,1,1937730.63,10829.02,48.54,18.33,278,0,0,53,TCP,DDoS
43997.25,29,16,105513.12,208.93,428.83,184.08,1,5,0,53,TCP,Normal
17.05,2,0,2305.6,1139.15,45.39,0.0,1,0,0,4949,TCP,Port Scan
473.97,647,0,4545393.2,13309.25,45.27,23.45,328,0,0,80,TCP,DDoS
32070.03,34,10,136115.28,106.19,784.91,60.11,0,13,0,443,TCP,Normal
25401.26,9,21,100421.97,46.91,959.8,74.65,0,27,0,443,UDP,Normal
22262.65,5,3,136884.53,150.86,933.52,212.36,0,13,0,443,TCP,Normal
19.25,1,0,1541.79,2824.96,48.32,0.0,1,0,0,820,TCP,Port Scan
15756.33,20,23,87709.38,153.76,900.29,98.04,0,26,0,80,UDP,Normal
21656.04,22,14,8503.38,10.77,387.31,162.79,1,15,0,9001,TCP,Botnet
35122.12,26,25,32219.75,40.33,889.26,123.67,0,3,0,443,TCP,Normal
27368.97,23,19,124261.72,59.87,740.07,73.38,0,16,0,443,TCP,Normal
17167.04,32,17,111139.12,157.69,509.21,81.2,0,26,0,80,TCP,Normal
9424.61,8,12,105225.71,158.7,833.29,238.15,1,16,0,80,TCP,Normal
1221.83,1056,2,2852232.46,13298.61,62.91,17.97,180,0,0,443,TCP,DDoS
109.42,657,0,1323914.79,13612.84,41.71,22.4,581,0,0,80,TCP,DDoS
40065.34,24,6,10871.62,26.66,417.13,117.8,1,12,0,4444,UDP,Botnet
31219.37,26,8,103968.37,96.27,750.41,179.15,0,21,0,80,TCP,Normal
8426.18,79,55,16580.34,43.74,212.33,29.12,4,27,0,21,TCP,Brute Force
19213.84,8,23,97707.4,205.16,1032.21,173.45,1,20,0,443,TCP,Normal
28920.93,27,3,138491.08,41.54,1068.54,172.19,0,23,0,53,TCP,Normal
4460.45,44,74,10240.83,110.95,180.13,16.65,5,28,0,21,TCP,Brute Force
26.11,1,0,654.22,3259.15,37.59,0.0,1,0,0,3174,TCP,Port Scan
32508.2,12,8,8438.85,16.59,334.02,118.15,1,6,0,8000,UDP,Botnet
28443.78,33,26,82209.77,185.93,498.89,92.4,1,17,0,443,TCP,Normal
25121.43,19,15,149214.39,66.42,580.67,72.71,1,9,0,80,TCP,Normal
7781.26,26,13,37011.59,38.95,876.35,180.9,0,19,0,8080,TCP,Normal
33.19,2,0,1897.29,2871.65,60.97,0.0,1,0,0,4886,TCP,Port Scan
34162.07,4,6,37739.49,161.82,428.23,115.23,0,15,0,443,TCP,Normal
210.94,1115,0,4975993.34,9477.08,83.22,14.25,538,0,0,443,TCP,DDoS
236.69,1030,0,1056617.73,11540.02,61.05,20.14,221,0,0,80,TCP,DDoS
29822.12,4,27,37185.96,73.15,870.32,53.94,0,17,0,443,UDP,Normal
72420.12,24,6,2426.91,26.7,188.73,168.61,1,10,0,9001,TCP,Botnet
29251.01,24,22,43572.8,54.32,489.04,222.93,0,20,0,443,TCP,Normal
82.3,408,2,2408485.97,7209.53,93.47,8.07,266,0,0,80,TCP,DDoS
26.05,1,0,2345.39,1731.99,35.41,0.0,1,0,0,5366,TCP,Port Scan
1017.66,1196,2,2498433.91,12349.72,43.1,5.48,552,1,0,80,TCP,DDoS
4114.72,13,11,27649.22,247.34,1084.1,208.76,0,27,0,443,TCP,Normal
21765.59,16,4,29408.86,76.79,986.98,121.24,1,15,0,80,TCP,Normal
23840.76,11,7,147444.9,45.77,678.5,243.89,1,8,0,8080,TCP,Normal
320.54,630,2,1439871.04,17795.25,57.34,7.31,427,0,0,80,TCP,DDoS
35203.37,11,13,74673.51,44.13,569.43,247.33,0,18,0,443,TCP,Normal
19307.0,21,7,108330.09,207.86,527.13,124.19,1,24,0,443,TCP,Normal
16838.52,22,6,3070.6,6.36,347.0,197.18,1,14,0,1337,TCP,Botnet
32226.72,9,20,64272.7,232.53,478.32,153.28,1,23,0,443,TCP,Normal
29495.82,10,19,5913.64,19.54,306.62,126.33,1,14,1,8000,UDP,Botnet
17.49,1,0,1649.92,1613.31,32.59,0.0,1,0,0,5659,TCP,Port Scan
28471.2,32,4,70290.96,142.16,922.0,215.19,0,13,0,80,TCP,Normal
34034.32,18,13,6627.72,9.39,347.59,216.56,0,11,1,6667,TCP,Botnet
255.67,441,0,4351961.79,12910.91,92.28,19.59,153,0,0,80,TCP,DDoS
36501.55,34,20,54683.55,218.87,508.45,66.55,0,25,0,443,TCP,Normal
22859.72,20,27,121432.29,245.58,824.15,150.74,1,15,0,80,TCP,Normal
25746.09,10,11,6894.83,27.52,243.88,160.38,1,10,0,6667,TCP,Botnet
18733.4,28,10,7248.71,84.6,545.57,58.4,0,17,0,443,UDP,Normal
28596.2,4,21,84481.05,60.17,607.15,182.76,1,17,0,53,TCP,Normal
27343.26,9,12,136301.09,197.7,585.43,179.06,0,11,0,80,TCP,Normal
23254.74,28,6,120752.8,169.49,891.38,209.16,1,25,0,80,TCP,Normal
14128.92,26,16,105947.91,64.36,464.9,156.44,1,19,0,80,TCP,Normal
24629.56,32,3,78712.28,88.44,795.52,187.78,1,17,0,53,TCP,Normal
4478.68,57,27,10217.29,41.5,216.35,23.7,4,55,0,22,TCP,Brute Force
37014.17,8,17,7074.05,26.92,313.06,113.36,0,11,0,1337,TCP,Botnet
241.5,1197,1,1195719.94,7108.72,50.99,9.64,386,1,0,80,TCP,DDoS
36384.73,23,10,11721.82,15.99,168.13,184.88,1,15,0,1337,TCP,Botnet
37970.48,24,22,95419.92,40.5,928.69,75.54,1,8,0,80,TCP,Normal
25522.21,7,7,30418.93,178.7,540.65,157.17,0,27,0,443,TCP,Normal
11512.1,16,22,99390.9,209.64,692.4,64.62,0,13,0,443,TCP,Normal
31425.32,21,16,146463.48,167.42,975.74,76.5,1,6,0,443,TCP,Normal
32590.39,9,10,52615.9,132.06,417.34,99.76,0,13,0,80,TCP,Normal
3430.79,70,64,35370.75,60.18,116.47,44.06,2,30,0,22,TCP,Brute Force
26797.35,13,10,10194.77,20.36,423.97,112.48,1,13,0,6667,UDP,Botnet
1384.17,1186,2,1549672.64,16804.09,64.24,24.89,526,0,0,443,TCP,DDoS
14197.95,20,19,38867.27,35.68,530.99,161.11,0,5,0,80,TCP,Normal
339.1,1134,2,1020139.36,12503.03,53.67,11.08,510,0,0,443,TCP,DDoS
21555.9,9,25,120171.97,44.54,995.51,199.19,0,23,0,443,UDP,Normal
3947.18,52,64,33479.21,99.33,182.83,36.18,4,27,0,22,TCP,Brute Force
27808.9,7,22,70668.09,237.51,873.77,110.32,0,18,0,443,TCP,Normal
1271.57,218,1,1351876.1,10391.72,48.84,24.57,128,0,0,80,TCP,DDoS
37577.03,25,10,64981.5,192.54,885.38,248.13,0,18,0,443,UDP,Normal
59.84,398,2,1158748.05,17937.04,55.88,7.99,332,0,0,80,TCP,DDoS
29523.98,5,26,92094.4,191.03,754.39,176.82,0,27,0,80,TCP,Normal
145.45,1023,0,3773867.12,16611.95,46.74,15.68,514,0,0,80,TCP,DDoS
42625.39,11,28,113855.78,148.34,786.76,68.83,0,14,0,443,TCP,Normal
10144.92,20,24,8427.59,167.65,824.97,159.34,0,16,0,443,TCP,Normal
15897.74,11,20,52336.89,139.07,461.51,120.13,0,22,0,80,TCP,Normal
9658.79,79,71,17036.51,66.81,200.83,38.65,5,53,0,3389,TCP,Brute Force
19195.28,5,11,112252.34,63.99,829.64,137.1,0,19,0,443,TCP,Normal
11389.46,47,53,28566.1,72.41,109.48,41.68,4,43,0,22,TCP,Brute Force
1286.37,853,2,2842222.59,10565.71,65.54,10.07,220,1,0,80,TCP,DDoS
36194.81,6,26,10157.78,136.97,671.32,142.39,1,22,0,443,TCP,Normal
5089.01,20,19,78261.59,210.09,624.03,229.1,0,14,0,8080,TCP,Normal
1220.53,849,1,857269.46,9249.54,48.53,18.29,481,0,0,80,TCP,DDoS
39219.4,33,29,131831.74,141.66,1057.35,209.76,1,22,0,80,TCP,Normal
2233.86,21,5,53800.36,170.82,669.78,186.32,0,21,0,80,TCP,Normal
24027.48,10,20,97649.64,38.73,704.51,108.53,0,12,0,443,UDP,Normal
11.73,2,0,1803.31,2384.42,58.65,0.0,1,0,0,9755,TCP,Port Scan
3275.12,35,54,42214.23,114.82,131.1,38.94,2,39,0,21,TCP,Brute Force
26133.89,19,16,5898.13,20.58,349.89,156.51,1,8,0,6667,UDP,Botnet
11623.79,20,7,101156.21,156.93,690.6,134.44,1,5,0,53,UDP,Normal
36443.44,18,4,123331.46,24.36,915.14,91.68,0,5,0,80,TCP,Normal
449.4,1186,0,3588199.85,9737.22,64.21,6.82,329,0,0,80,TCP,DDoS
854.17,671,0,5153539.54,4399.31,80.63,24.2,430,0,0,80,TCP,DDoS
32649.12,22,6,8525.82,168.46,523.98,238.09,1,23,0,53,TCP,Normal
26.93,1,0,833.78,2962.19,61.38,0.0,1,0,0,6075,TCP,Port Scan
35.74,1,0,522.15,1740.34,44.47,0.0,1,0,0,1863,TCP,Port Scan
835.28,24,8,57976.74,132.2,995.57,67.58,1,26,0,53,TCP,Normal
722.14,212,2,5342591.59,14441.99,68.22,18.41,491,0,0,80,TCP,DDoS
69919.42,12,15,11503.37,17.78,424.14,215.49,0,15,0,4444,UDP,Botnet
18109.0,26,12,45878.26,103.68,533.51,119.41,0,14,0,443,UDP,Normal
32934.71,23,7,91909.08,66.29,1023.17,72.98,0,22,0,443,TCP,Normal
238.54,669,0,1245117.67,5751.87,81.71,5.44,290,0,0,443,TCP,DDoS
11359.24,59,74,33883.68,63.47,194.68,18.15,5,55,0,22,TCP,Brute Force
7744.2,15,26,54506.66,123.22,1039.26,87.88,0,24,0,443,TCP,Normal
1120.88,462,0,4056548.23,13035.8,46.95,23.92,430,0,0,8080,TCP,DDoS
922.45,1091,0,3642397.69,9540.7,81.18,21.56,167,0,0,80,TCP,DDoS
8937.71,59,68,23652.34,107.7,173.83,47.97,4,27,0,22,TCP,Brute Force
2343.55,29,10,84730.31,241.53,480.33,148.08,0,22,0,80,TCP,Normal
38921.33,6,10,47414.69,55.04,586.32,54.41,0,9,0,80,TCP,Normal
8795.02,22,29,96894.99,228.81,621.34,167.66,0,10,0,443,TCP,Normal
974.22,660,0,1966143.59,4476.52,90.42,16.2,394,0,0,8080,TCP,DDoS
37403.26,27,3,8645.58,179.72,457.54,232.14,0,17,0,443,UDP,Normal
7136.77,15,24,94600.08,98.62,1011.71,52.58,0,13,0,80,TCP,Normal
28056.14,7,19,139574.77,214.32,556.79,97.83,0,13,0,80,TCP,Normal
10927.47,14,18,132511.99,242.09,639.1,117.7,0,8,0,53,TCP,Normal
7265.11,22,7,118210.43,125.75,440.71,248.97,0,26,0,80,TCP,Normal
17709.72,21,10,24940.54,98.45,479.43,234.94,1,5,0,80,TCP,Normal
4150.14,58,74,29159.66,64.45,149.37,37.57,3,31,0,22,TCP,Brute Force
5060.48,50,39,21445.52,60.43,150.94,58.49,4,31,0,21,TCP,Brute Force
17109.23,34,4,117057.39,146.14,446.52,203.3,0,7,0,443,TCP,Normal
8043.42,63,51,32962.94,44.45,97.35,37.46,2,45,0,22,TCP,Brute Force
306.13,547,0,3247964.44,16171.73,72.22,18.48,167,0,0,80,TCP,DDoS
8392.14,19,27,121796.93,37.66,689.59,185.78,0,10,0,443,TCP,Normal
30206.32,21,28,37458.11,209.01,641.56,119.52,0,8,0,80,TCP,Normal
6310.49,79,43,38785.51,64.79,212.03,23.08,2,28,0,21,TCP,Brute Force
17637.85,12,5,71366.44,68.04,658.1,123.96,0,11,0,80,TCP,Normal
11551.63,33,71,21533.55,115.97,126.07,19.27,5,34,0,22,TCP,Brute Force
298.1,381,2,4465537.89,4278.01,75.76,18.07,382,0,0,80,TCP,DDoS
25.61,2,0,1825.62,2934.1,38.2,0.0,1,0,0,3816,TCP,Port Scan
28094.02,17,13,5240.07,11.76,239.1,130.46,0,11,0,1337,UDP,Botnet
34772.04,33,11,22430.05,81.08,412.29,108.66,1,9,0,80,TCP,Normal
29811.87,7,18,15232.47,167.76,418.56,167.16,1,26,0,443,TCP,Normal
24064.25,17,24,8050.35,186.25,422.74,169.06,0,13,0,443,TCP,Normal
21656.02,20,15,6064.76,13.09,407.0,163.11,1,7,0,9001,TCP,Botnet
24.73,1,0,540.71,2565.34,53.8,0.0,1,0,0,1063,TCP,Port Scan
33.58,2,0,1269.58,2662.72,60.29,0.0,1,0,0,3594,TCP,Port Scan
1487.94,525,1,1894748.14,10521.62,52.85,13.19,202,0,0,80,TCP,DDoS
28805.15,33,23,146867.61,192.08,790.47,86.12,0,24,0,443,TCP,Normal
1463.28,929,0,4621911.45,4657.25,87.42,21.78,104,0,0,80,TCP,DDoS
31084.65,17,24,110885.28,132.67,841.5,197.94,0,26,0,443,TCP,Normal
325.4,1179,0,3712603.11,8796.94,63.11,16.24,547,0,0,80,TCP,DDoS
166.13,837,1,3864285.78,11399.91,80.64,21.25,202,0,0,443,TCP,DDoS
27064.26,11,15,5693.56,7.34,295.3,92.72,1,15,0,9001,UDP,Botnet
878.09,868,0,3317759.39,12721.53,41.01,18.08,266,0,0,80,TCP,DDoS
36226.88,14,24,42675.08,223.8,1026.98,109.46,0,21,0,443,UDP,Normal
736.16,692,1,3172894.8,16411.37,67.38,21.84,227,0,0,80,TCP,DDoS
15704.52,23,15,135962.65,184.15,972.7,183.47,0,27,0,443,TCP,Normal
12080.38,6,20,76222.02,249.16,1028.21,142.68,0,17,0,80,UDP,Normal
9859.18,13,9,41688.82,219.08,471.99,75.19,1,13,0,8080,TCP,Normal
58317.73,13,19,6469.84,9.66,418.41,114.8,1,12,0,4444,TCP,Botnet
1270.2,852,0,2423067.04,3188.93,45.28,10.94,388,0,0,80,TCP,DDoS
26230.72,8,24,112144.92,26.71,778.87,60.58,1,23,0,443,TCP,Normal
45767.48,21,10,9462.74,8.96,327.83,205.47,0,10,0,9001,TCP,Botnet
15379.15,26,9,114220.7,82.63,1028.2,155.32,1,25,0,80,TCP,Normal
962.22,935,2,4492900.99,13160.13,41.34,13.23,478,0,0,80,TCP,DDoS
29.92,2,0,2241.83,3385.69,59.77,0.0,1,0,0,3764,TCP,Port Scan
66452.3,12,12,5667.36,28.81,397.14,147.35,0,8,0,6667,TCP,Botnet
387.22,750,0,1880787.35,15201.1,80.86,18.23,298,0,0,443,TCP,DDoS
17953.69,28,7,25473.86,195.61,476.08,246.25,0,16,0,443,TCP,Normal
34122.03,7,15,16162.09,86.64,512.85,235.94,1,27,0,80,TCP,Normal
29346.5,23,6,103796.19,236.24,432.75,113.93,0,9,0,80,TCP,Normal
10746.17,27,24,65268.12,89.44,932.76,120.85,1,16,0,80,TCP,Normal
772.39,299,1,5083471.2,15855.44,62.83,6.79,318,0,0,80,TCP,DDoS
6706.04,73,47,23337.27,107.37,112.2,15.26,3,32,0,22,TCP,Brute Force
44505.63,16,8,7097.3,15.02,279.25,88.04,1,6,0,1337,TCP,Botnet
55.68,240,0,2913312.69,15768.92,83.92,10.34,435,0,0,80,TCP,DDoS
579.39,863,0,3507407.84,14133.02,68.04,13.45,432,0,0,80,TCP,DDoS
19391.47,25,9,123283.55,105.91,768.55,72.46,0,24,0,443,UDP,Normal
85.5,502,1,862763.66,10784.06,73.32,24.26,411,0,0,8080,TCP,DDoS
28.31,2,0,622.91,2636.39,33.81,0.0,1,0,0,6080,TCP,Port Scan
40303.14,30,20,69301.1,158.49,813.98,211.32,0,11,0,80,TCP,Normal
9678.22,8,28,134872.84,66.99,755.46,133.85,0,19,0,53,TCP,Normal
56164.72,8,11,4890.46,16.61,418.87,118.16,0,6,0,9001,TCP,Botnet
11.32,2,0,1837.67,3146.17,61.89,0.0,1,0,0,9496,TCP,Port Scan
24322.98,18,5,33490.61,68.7,429.05,114.41,0,10,0,53,TCP,Normal
23.53,2,0,1805.57,1847.47,37.12,0.0,1,0,0,8232,TCP,Port Scan
1357.1,482,1,5150425.09,12761.82,73.78,11.68,404,0,0,53,TCP,DDoS
8156.94,39,47,18250.69,77.13,143.0,41.27,5,66,0,22,TCP,Brute Force
487.02,998,2,1582831.86,10035.6,67.74,16.7,138,0,0,8080,TCP,DDoS
8.83,2,0,1635.07,2042.87,33.26,0.0,1,0,0,6423,TCP,Port Scan
2709.94,22,20,14150.42,94.66,870.93,117.45,0,27,0,80,TCP,Normal
22478.27,19,22,58137.97,191.16,904.66,111.61,0,21,0,443,TCP,Normal
8481.34,15,24,70999.94,173.58,986.16,83.95,0,18,0,80,TCP,Normal
5053.6,67,67,43621.95,67.85,128.51,41.81,4,65,0,21,TCP,Brute Force
16098.16,11,29,107461.97,106.13,658.64,59.06,0,13,0,443,TCP,Normal
34653.7,31,22,76347.9,203.2,562.78,95.21,0,18,0,80,TCP,Normal
35880.08,15,25,115953.11,52.93,860.4,178.31,0,19,0,80,TCP,Normal
27799.55,16,5,135092.02,58.84,754.94,169.62,0,10,0,53,TCP,Normal
1287.76,627,0,5356720.21,3285.65,80.29,23.66,333,0,0,80,TCP,DDoS
11321.7,77,46,22345.15,58.09,198.54,28.89,5,66,0,22,TCP,Brute Force
27.22,2,0,2115.86,3465.35,42.17,0.0,1,0,0,4609,TCP,Port Scan
78786.34,21,10,11218.49,15.18,449.65,161.09,1,7,0,4444,TCP,Botnet
41022.77,8,22,53700.55,209.77,654.14,56.85,1,7,0,443,TCP,Normal
2.86,1,0,2400.11,3077.39,54.03,0.0,1,0,0,4181,TCP,Port Scan
19.89,2,0,200.43,1778.56,55.6,0.0,1,0,0,6138,TCP,Port Scan
466.5,595,1,3937701.9,15101.67,48.63,5.3,185,0,0,80,TCP,DDoS
18.13,2,0,1341.2,3026.75,44.87,0.0,1,0,0,1566,TCP,Port Scan
25573.03,22,27,91490.39,145.51,711.09,52.93,0,10,0,443,TCP,Normal
6502.11,75,35,28061.56,111.13,174.58,26.24,3,69,0,3389,TCP,Brute Force
44614.7,19,12,7638.56,27.33,201.59,138.9,0,10,0,4444,TCP,Botnet
568.39,238,2,4142570.66,13392.02,87.9,11.85,156,0,0,80,TCP,DDoS
24590.64,28,29,44760.87,26.12,914.66,175.13,0,25,0,443,UDP,Normal
292.08,991,1,1244124.11,16641.65,50.65,13.33,147,0,0,80,TCP,DDoS
7022.88,55,55,32443.97,69.16,190.05,20.47,5,54,0,21,TCP,Brute Force
17179.71,4,12,21037.52,28.19,1096.03,96.55,0,12,0,80,TCP,Normal
18096.11,18,16,123145.08,116.0,616.77,237.57,0,21,0,80,TCP,Normal
801.42,727,1,960288.02,16188.07,40.72,23.9,290,0,0,443,TCP,DDoS
15347.91,20,18,84845.77,55.22,909.68,170.05,1,4,0,53,TCP,Normal
9527.86,13,13,149364.76,173.1,745.44,234.63,0,25,0,80,TCP,Normal
10.45,1,0,2178.85,2263.77,54.07,0.0,1,0,0,4702,TCP,Port Scan
21058.91,16,6,10574.01,28.23,250.81,89.4,0,7,0,8000,TCP,Botnet
1462.74,359,1,5658202.92,10840.96,56.04,10.34,567,1,0,443,TCP,DDoS
25013.15,30,4,64225.72,105.72,581.83,194.68,0,8,0,8080,TCP,Normal
1228.46,958,0,4784016.93,16986.66,92.1,12.38,438,0,0,80,TCP,DDoS
7.9,2,0,2353.6,2397.32,32.39,0.0,1,0,0,5902,TCP,Port Scan
422.82,324,2,5677880.04,5297.02,40.54,9.76,224,0,0,80,TCP,DDoS
5209.62,30,8,32437.12,222.78,1072.92,143.09,1,12,0,80,TCP,Normal
2889.52,25,7,30182.39,178.74,851.92,228.41,1,5,0,8080,TCP,Normal
23951.84,6,14,29767.99,65.47,623.17,168.7,0,9,0,80,TCP,Normal
40099.83,20,7,78971.52,189.34,759.03,223.92,0,9,0,53,TCP,Normal
2584.91,25,8,134880.38,154.15,726.88,118.07,1,13,0,443,TCP,Normal
37444.03,15,7,54063.34,235.17,1038.55,91.87,0,23,0,443,UDP,Normal
1293.61,358,2,3475540.07,4603.28,76.31,21.72,369,0,0,443,TCP,DDoS
1006.66,702,1,1987814.43,7110.18,57.32,7.34,561,0,0,80,TCP,DDoS
290.68,1086,2,2767024.25,10097.59,74.67,23.16,533,0,0,80,TCP,DDoS
17243.55,34,21,117686.3,148.43,696.96,231.27,0,5,0,80,TCP,Normal
3480.14,44,61,31291.88,79.1,204.59,53.04,3,50,0,22,TCP,Brute Force
14.49,1,0,2009.05,1230.35,33.41,0.0,1,0,0,7576,TCP,Port Scan
572.24,557,0,5599236.41,16261.13,64.86,22.14,118,0,0,80,TCP,DDoS
1399.15,677,0,3368015.82,17424.03,82.33,14.77,579,0,0,443,TCP,DDoS
43760.61,21,16,7636.17,11.26,250.15,145.98,0,9,0,4444,TCP,Botnet
11225.63,31,9,93449.52,211.63,521.36,128.21,0,6,0,80,TCP,Normal
9.89,1,0,1703.51,2889.63,58.04,0.0,1,0,0,7750,TCP,Port Scan
7127.44,50,25,44909.28,65.91,151.97,54.59,3,56,0,22,TCP,Brute Force
13830.67,11,19,77590.52,202.74,894.96,60.05,0,15,0,443,TCP,Normal
10186.45,71,70,13596.0,41.46,201.65,23.79,5,50,0,22,TCP,Brute Force
77578.14,24,15,4097.92,7.01,375.32,99.72,0,15,0,1337,TCP,Botnet
44454.85,29,15,62149.73,158.77,961.18,143.9,0,7,0,80,UDP,Normal
14.38,2,0,630.91,3255.54,48.64,0.0,1,0,0,2960,TCP,Port Scan
10.76,1,0,1059.37,1698.86,37.64,0.0,1,0,0,5153,TCP,Port Scan
739.18,1173,1,1130385.76,8943.71,93.01,15.78,217,0,0,80,TCP,DDoS
6871.67,56,60,41652.14,55.08,192.83,20.88,5,31,0,22,TCP,Brute Force
38845.25,20,4,122025.28,64.91,641.74,117.12,1,5,0,80,TCP,Normal
28.24,1,0,1687.98,2134.14,51.85,0.0,1,0,0,729,TCP,Port Scan
18460.24,8,20,107160.39,117.23,642.57,129.52,0,12,0,443,TCP,Normal
42535.33,13,20,40401.36,211.1,1005.23,203.7,0,27,0,443,TCP,Normal
26874.97,13,7,129457.91,126.63,948.99,239.38,0,6,0,443,TCP,Normal
42793.31,11,8,71070.23,162.63,594.17,87.62,0,20,0,80,TCP,Normal
47188.99,14,11,5935.03,18.81,317.3,118.83,1,7,0,4444,TCP,Botnet
635.77,1007,2,4320887.68,14677.74,47.21,17.02,151,0,0,80,TCP,DDoS
590.28,559,2,2464968.34,16701.67,62.51,19.96,411,0,0,80,TCP,DDoS
10.13,1,0,1575.24,1371.86,59.24,0.0,1,0,0,8323,TCP,Port Scan
23293.55,25,26,140096.21,162.69,962.63,66.74,0,21,0,53,TCP,Normal
61.81,631,2,2751281.32,17762.9,41.67,24.97,355,0,0,53,TCP,DDoS
44970.46,10,14,6466.59,54.23,943.11,139.36,0,11,0,443,UDP,Normal
42076.53,22,9,97135.08,164.86,682.25,200.48,0,7,0,443,TCP,Normal
23864.7,16,16,41565.07,122.75,486.41,91.2,0,4,0,80,TCP,Normal
28877.13,13,20,108537.64,41.02,539.49,225.49,1,17,0,80,TCP,Normal
44206.49,23,19,40068.58,41.41,1028.05,230.08,0,11,0,80,TCP,Normal
642.68,663,1,3510103.37,5246.66,43.61,19.59,144,0,0,80,TCP,DDoS
21177.98,8,25,11968.54,238.3,1020.68,102.18,0,21,0,443,UDP,Normal
359.38,781,2,1891442.78,10378.14,41.08,18.43,427,0,0,80,TCP,DDoS
1317.9,682,1,4841462.09,7035.78,84.65,15.67,342,1,0,80,TCP,DDoS
10103.7,53,51,11007.33,41.67,168.02,43.34,5,40,0,22,TCP,Brute Force
42630.64,28,14,50487.44,77.01,888.4,122.82,0,24,0,443,TCP,Normal
911.78,803,1,5206511.9,8353.5,45.96,13.42,182,0,0,443,TCP,DDoS
18299.24,30,26,89579.55,223.4,506.22,169.56,0,24,0,80,TCP,Normal
1056.4,513,2,2997204.78,7475.07,54.47,8.27,354,0,0,443,TCP,DDoS
36.4,2,0,839.02,3148.75,51.36,0.0,1,0,0,3344,TCP,Port Scan
38661.52,18,11,67492.86,93.34,807.54,124.23,0,6,0,80,TCP,Normal
37.12,2,0,296.54,2071.92,44.73,0.0,1,0,0,3853,TCP,Port Scan
625.92,969,0,2466788.07,14166.29,93.42,13.76,347,0,0,443,TCP,DDoS
21002.65,6,9,75068.65,246.99,928.2,99.72,0,16,0,80,UDP,Normal
21125.48,6,23,130183.38,139.39,735.43,55.13,0,14,0,80,TCP,Normal
671.65,742,1,5186652.12,5673.75,89.75,11.81,382,0,0,80,TCP,DDoS
1187.58,186,0,5149198.03,15452.89,92.59,18.97,257,0,0,443,TCP,DDoS
24712.83,11,14,48281.5,174.64,630.13,105.62,0,8,0,443,TCP,Normal
552.74,620,0,4735303.96,7980.01,80.94,8.04,365,0,0,443,TCP,DDoS
10304.57,19,24,89830.1,132.36,766.94,183.39,0,7,0,443,UDP,Normal
18798.01,16,10,10960.45,27.68,359.47,209.67,0,14,0,4444,TCP,Botnet
23114.85,19,5,90679.48,175.84,411.61,152.42,0,9,0,80,TCP,Normal
1885.47,28,26,58436.32,218.8,731.25,243.64,0,19,0,80,TCP,Normal
190.05,770,0,2744424.92,11442.19,42.6,5.82,539,0,0,80,TCP,DDoS
5.15,1,0,212.95,1303.06,35.19,0.0,1,0,0,5435,TCP,Port Scan
34442.55,15,12,3420.53,18.61,391.28,155.18,1,6,0,9001,TCP,Botnet
41810.13,15,21,133604.11,168.54,600.13,213.19,1,19,0,80,TCP,Normal
35.03,2,0,1610.92,1755.27,42.68,0.0,1,0,0,4966,TCP,Port Scan
6.68,2,0,1237.09,3032.64,35.14,0.0,1,0,0,3156,TCP,Port Scan
28313.38,9,9,3369.4,24.36,363.77,168.89,0,10,1,9001,TCP,Botnet
3550.55,64,37,24348.38,80.51,133.32,34.8,2,64,0,21,TCP,Brute Force
28034.24,20,25,36570.11,77.58,982.21,142.64,0,14,0,443,TCP,Normal
24321.3,4,15,6757.51,75.48,1083.11,210.31,1,6,0,80,TCP,Normal
34430.49,25,23,26692.21,107.56,690.13,200.77,0,4,0,443,TCP,Normal
7614.65,22,4,29297.15,91.37,752.34,209.29,1,22,0,443,TCP,Normal
4156.54,59,45,39021.27,108.44,196.35,50.95,5,59,0,22,TCP,Brute Force
10746.54,32,29,23666.73,53.8,194.2,33.15,5,56,0,3389,TCP,Brute Force
11335.42,59,56,14421.75,113.03,92.96,47.48,3,41,0,3389,TCP,Brute Force
24194.96,15,9,92084.56,58.24,665.82,173.44,1,7,0,80,TCP,Normal
29.21,1,0,1733.88,1431.88,50.82,0.0,1,0,0,7086,TCP,Port Scan
8382.16,32,16,69584.38,39.38,877.86,97.12,1,21,0,53,TCP,Normal
23777.27,17,29,139792.85,142.42,806.65,67.93,1,4,0,80,TCP,Normal
12.83,2,0,1407.97,1362.48,48.79,0.0,1,0,0,9409,TCP,Port Scan
34392.07,30,19,110591.37,104.59,842.61,176.71,0,18,0,443,TCP,Normal
3.36,1,0,2138.79,2069.26,44.47,0.0,1,0,0,3049,TCP,Port Scan
22189.58,31,18,144498.48,137.06,716.98,105.74,1,26,0,443,TCP,Normal
20096.65,30,20,131637.36,33.75,1022.02,115.81,0,23,0,80,TCP,Normal
9542.58,46,31,18392.68,112.82,122.58,35.24,5,59,0,22,TCP,Brute Force
5.27,1,0,1104.71,3085.69,45.66,0.0,1,0,0,4118,TCP,Port Scan
10402.06,69,67,40803.7,41.93,133.6,38.69,2,34,0,22,TCP,Brute Force
1134.65,245,1,3366360.32,16210.03,61.85,10.37,372,0,0,443,TCP,DDoS
20801.23,12,11,11415.12,10.44,227.02,94.12,0,9,0,4444,TCP,Botnet
36538.78,18,22,53914.32,186.75,777.17,62.13,0,19,0,53,TCP,Normal
1117.13,328,1,3917038.82,5569.1,80.79,11.05,499,0,0,443,TCP,DDoS
29565.74,17,6,131324.65,196.19,951.91,183.0,0,3,0,53,TCP,Normal
17084.57,13,24,105924.32,151.11,468.02,173.0,1,4,0,80,TCP,Normal
3219.16,31,19,20418.91,46.25,1058.73,224.53,0,27,0,443,TCP,Normal
56238.6,8,9,5819.08,21.03,436.07,197.55,0,16,0,6667,TCP,Botnet
12217.55,12,3,72971.35,89.29,818.85,109.45,0,11,0,80,UDP,Normal
6218.27,32,21,123992.72,163.97,974.3,180.3,0,15,0,80,TCP,Normal
123.16,610,2,5381221.24,10912.44,85.37,22.13,127,0,0,8080,TCP,DDoS
31.87,2,0,1522.2,1874.62,43.66,0.0,1,0,0,7061,TCP,Port Scan
40433.66,24,13,36994.4,51.77,1001.38,150.01,0,12,0,53,TCP,Normal
4044.48,43,44,18937.17,115.6,218.27,36.3,4,56,0,21,TCP,Brute Force
38749.53,22,17,10072.64,7.03,244.95,215.28,0,7,0,6667,TCP,Botnet
1140.9,998,1,2884587.1,7460.9,77.49,9.16,217,0,0,80,TCP,DDoS
37868.75,24,12,6697.22,29.79,444.96,168.9,0,6,0,1337,TCP,Botnet
41958.84,4,19,43851.7,139.64,796.02,53.06,1,9,0,443,TCP,Normal
57200.78,8,9,7425.55,26.85,366.31,170.0,0,8,0,4444,TCP,Botnet
8920.96,60,36,14141.8,64.08,155.51,49.95,4,49,0,22,TCP,Brute Force
6.96,1,0,2498.54,2609.95,63.68,0.0,1,0,0,3305,TCP,Port Scan
11693.94,31,50,24417.46,103.61,81.86,39.65,4,54,0,22,TCP,Brute Force
58576.19,24,8,4941.67,13.48,319.69,120.8,1,15,0,1337,TCP,Botnet
731.47,1195,0,2352449.22,16856.15,52.64,19.99,180,0,0,53,TCP,DDoS
10649.55,12,17,93592.24,114.54,987.9,230.0,0,7,0,80,TCP,Normal
1465.93,422,2,5982697.56,16399.0,68.24,21.51,397,0,0,53,TCP,DDoS
5.97,2,0,622.58,1822.89,60.62,0.0,1,0,0,3143,TCP,Port Scan
340.49,370,2,4379123.59,6295.84,64.13,20.64,270,0,0,80,TCP,DDoS
7152.61,40,46,25112.29,62.36,112.34,54.34,5,43,0,21,TCP,Brute Force
1436.08,999,2,3178046.37,15692.91,64.88,13.49,548,0,0,80,TCP,DDoS
783.33,911,1,5277245.87,12234.37,40.7,18.9,82,0,0,443,TCP,DDoS
34421.69,12,25,68159.58,208.1,484.15,158.9,0,17,0,443,TCP,Normal
48762.93,22,7,10256.18,19.59,270.91,212.51,1,16,0,4444,TCP,Botnet
30482.15,29,10,113599.66,102.11,844.32,87.28,1,13,0,80,TCP,Normal
10.19,1,0,1684.24,1926.95,41.52,0.0,1,0,0,1540,TCP,Port Scan
6030.35,70,51,16619.97,112.44,85.17,24.89,4,41,0,22,TCP,Brute Force
4358.38,19,26,114966.9,166.96,931.33,194.82,0,10,0,80,TCP,Normal
13619.37,13,20,86866.14,78.03,1040.7,103.14,1,7,0,53,TCP,Normal
5380.25,40,58,26377.06,72.59,177.84,55.69,4,28,0,22,TCP,Brute Force
20.02,2,0,662.88,1568.62,56.48,0.0,1,0,0,527,TCP,Port Scan
44433.79,20,13,91148.95,107.6,1078.94,218.42,1,4,0,80,TCP,Normal
44703.49,16,11,18119.85,86.4,476.38,180.1,1,6,0,443,TCP,Normal
44569.79,6,11,92511.68,171.69,881.63,74.08,1,25,0,80,UDP,Normal
25460.91,15,14,7307.82,20.93,371.83,105.35,0,13,0,8000,UDP,Botnet
38462.49,14,22,94856.42,149.26,642.14,113.04,1,8,0,53,TCP,Normal
30620.99,16,11,11078.38,19.38,371.46,148.62,0,17,0,8000,TCP,Botnet
13.97,1,0,238.92,1785.38,40.76,0.0,1,0,0,6130,TCP,Port Scan
41720.39,29,11,137669.15,215.51,714.62,69.08,0,26,0,443,TCP,Normal
5.6,2,0,309.29,1392.1,54.6,0.0,1,0,0,6768,TCP,Port Scan
6665.98,43,52,37337.76,61.84,167.7,52.26,3,56,0,3389,TCP,Brute Force
38.58,1,0,200.55,1254.99,32.97,0.0,1,0,0,4906,TCP,Port Scan
34175.74,17,11,29080.85,33.59,883.51,195.76,0,15,0,80,TCP,Normal
9725.25,32,19,111513.8,89.11,628.08,208.5,0,9,0,80,TCP,Normal
1251.15,1173,1,2033722.69,6939.5,67.74,19.88,414,0,0,80,TCP,DDoS
6019.75,70,43,12545.08,46.77,86.51,19.99,3,27,0,22,TCP,Brute Force
794.77,1091,2,2818231.58,4435.35,90.3,6.82,461,0,0,80,TCP,DDoS
29174.99,10,12,7987.75,9.32,227.59,145.53,1,12,1,9001,TCP,Botnet
22318.91,17,3,125631.52,112.81,633.31,148.39,0,8,0,443,TCP,Normal
31478.95,15,21,124165.49,171.69,957.37,104.39,0,17,0,443,TCP,Normal
8199.87,39,66,24066.09,50.82,118.17,23.58,4,53,0,21,TCP,Brute Force
12974.88,7,8,49389.91,146.3,842.46,165.41,0,15,0,8080,TCP,Normal
10097.54,19,16,62110.34,169.78,474.62,181.57,1,8,0,80,UDP,Normal
19522.26,25,22,113056.14,73.41,683.73,103.83,0,18,0,443,TCP,Normal
16819.12,31,16,30583.77,239.86,449.28,120.99,0,8,0,53,TCP,Normal
47506.0,9,14,6380.03,27.19,319.92,175.41,0,15,0,9001,TCP,Botnet
42150.64,22,15,6934.83,22.07,341.22,203.39,1,7,0,9001,TCP,Botnet
33125.64,10,20,46689.12,143.79,773.33,131.13,0,8,0,80,TCP,Normal
963.55,1190,0,2892009.58,5423.97,46.51,20.21,224,0,0,80,TCP,DDoS
4111.81,25,15,112168.26,177.9,970.55,225.49,1,24,0,80,TCP,Normal
41086.84,16,10,8709.01,25.19,349.07,101.19,0,8,0,9001,TCP,Botnet
19.04,1,0,280.65,900.59,32.84,0.0,1,0,0,1612,TCP,Port Scan
42057.44,8,3,78549.05,29.56,503.84,247.33,1,13,0,80,TCP,Normal
14933.39,20,11,35578.5,217.15,974.3,138.11,0,24,0,443,TCP,Normal
567.56,509,1,2124976.98,14583.89,63.91,11.62,199,0,0,80,TCP,DDoS
21107.65,21,17,6727.51,22.95,243.3,122.85,0,6,0,8000,UDP,Botnet
9768.36,31,14,32480.26,48.89,617.7,227.18,1,9,0,443,TCP,Normal
1565.61,17,4,141513.76,60.11,730.15,68.28,0,19,0,80,TCP,Normal
8741.2,14,28,19267.37,171.87,935.06,103.01,0,18,0,8080,TCP,Normal
5.86,1,0,2280.29,2158.72,46.87,0.0,1,0,0,3990,TCP,Port Scan
5583.98,34,73,36249.58,80.86,157.95,33.51,5,41,0,22,TCP,Brute Force
42044.33,29,4,23158.35,107.87,419.76,221.03,0,19,0,443,TCP,Normal
10942.99,13,5,69093.53,96.1,714.14,183.88,0,7,0,80,TCP,Normal
1451.03,569,0,5416307.93,3608.79,90.26,21.66,136,0,0,80,TCP,DDoS
25.87,2,0,299.81,1740.89,37.73,0.0,1,0,0,9230,TCP,Port Scan
17649.23,7,22,118157.97,69.96,496.48,182.61,0,9,0,80,TCP,Normal
151.3,906,1,4228506.27,7409.42,51.87,8.17,210,0,0,80,TCP,DDoS
560.24,14,23,98736.52,244.06,992.94,54.72,1,3,0,443,TCP,Normal
38203.59,4,28,132216.56,244.11,419.26,217.96,1,7,0,80,TCP,Normal
23149.78,24,7,8481.7,15.03,318.46,169.17,1,6,0,8000,TCP,Botnet
20253.72,33,15,100417.97,21.85,1060.22,97.43,0,25,0,443,TCP,Normal
41975.25,32,24,140898.13,178.21,447.49,110.19,1,24,0,443,TCP,Normal
3845.19,79,71,19719.65,99.98,99.08,55.4,5,38,0,22,TCP,Brute Force
18740.77,17,13,112298.03,238.57,542.06,163.11,1,5,0,80,TCP,Normal
529.97,215,2,2426355.78,15402.11,72.72,20.88,486,0,0,80,TCP,DDoS
23269.82,31,7,98632.37,30.3,933.33,239.33,0,12,0,443,TCP,Normal
29481.02,10,12,10787.26,11.31,262.13,198.45,0,10,0,4444,TCP,Botnet
27286.11,11,10,8255.33,6.34,244.02,100.92,0,17,0,9001,TCP,Botnet
38.8,1,0,565.36,1328.3,63.14,0.0,1,0,0,3813,TCP,Port Scan
34047.13,13,21,136132.17,208.0,929.93,61.12,0,14,0,53,TCP,Normal
6278.57,31,58,16761.53,80.2,117.96,57.64,2,62,0,22,TCP,Brute Force
425.6,491,2,1448426.73,11793.12,82.03,24.86,494,0,0,443,TCP,DDoS
30222.44,16,4,29063.46,222.84,699.24,82.45,0,27,0,80,TCP,Normal
8265.18,13,28,127256.01,168.17,855.51,223.36,1,9,0,80,TCP,Normal
29464.54,24,4,109689.82,235.87,400.55,248.44,0,24,0,80,TCP,Normal
44518.73,10,22,14423.03,112.36,986.48,96.11,1,16,0,80,TCP,Normal
231.19,482,0,4379459.65,6896.92,54.01,24.96,448,0,0,443,TCP,DDoS
53128.31,10,18,10062.06,13.57,208.09,107.78,1,9,0,9001,TCP,Botnet
1118.38,511,2,1437432.41,16919.01,64.98,19.69,503,0,0,80,TCP,DDoS
4305.81,35,25,8832.22,108.52,177.22,49.56,3,41,0,22,TCP,Brute Force
3654.86,70,25,23388.91,64.43,209.58,31.91,3,36,0,22,TCP,Brute Force
39053.77,16,13,2262.56,13.18,190.84,101.89,1,17,0,8000,UDP,Botnet
18135.91,31,18,85961.09,220.09,660.08,172.88,0,16,0,443,TCP,Normal
38.18,1,0,1095.55,3338.84,45.67,0.0,1,0,0,6196,TCP,Port Scan
4033.46,50,71,21626.0,91.7,84.87,55.0,2,30,0,22,TCP,Brute Force
13323.32,15,4,12191.06,41.78,423.0,149.83,0,24,0,443,TCP,Normal
25155.87,24,13,2597.55,11.29,278.86,148.24,0,11,0,6667,TCP,Botnet
11119.59,43,30,23189.12,109.29,183.94,57.7,3,30,0,22,TCP,Brute Force
8247.9,38,25,40102.83,66.61,91.85,57.49,5,69,0,22,TCP,Brute Force
39793.23,30,26,90199.95,181.26,876.08,131.63,0,6,0,53,TCP,Normal
1465.65,6,19,28724.39,150.09,752.74,52.7,0,17,0,443,TCP,Normal
211.87,335,1,2993226.06,6445.74,50.98,5.76,302,0,0,443,TCP,DDoS
4604.1,60,51,41924.37,108.06,151.4,47.36,4,44,0,22,TCP,Brute Force
323.86,846,2,5997381.02,6946.05,71.68,18.93,453,0,0,80,TCP,DDoS
21086.16,28,16,104082.32,62.22,974.64,135.78,0,12,0,80,TCP,Normal
23295.6,25,12,95638.28,237.62,805.84,158.04,0,16,0,443,TCP,Normal
3657.53,41,25,19159.07,89.02,86.02,20.48,3,63,0,22,TCP,Brute Force
8359.31,65,57,42674.36,53.36,180.47,48.97,2,52,0,21,TCP,Brute Force
76391.71,19,15,3032.34,17.1,360.56,111.81,0,7,0,4444,TCP,Botnet
11723.85,64,39,23165.71,90.73,83.38,55.4,5,40,0,22,TCP,Brute Force
30735.76,10,12,9196.89,16.16,170.55,103.6,0,6,0,1337,TCP,Botnet
640.7,1195,0,5627346.01,3821.81,63.19,19.15,514,0,0,443,TCP,DDoS
24948.83,5,14,99645.58,78.8,655.2,218.74,0,10,0,443,TCP,Normal
19.66,1,0,1394.73,2319.26,62.24,0.0,1,0,0,7181,TCP,Port Scan
40061.04,5,13,30088.46,81.36,483.67,96.06,0,17,0,80,TCP,Normal
995.21,888,1,4789287.74,17590.33,55.72,6.42,347,0,0,443,TCP,DDoS
37046.04,29,29,24897.94,235.66,646.35,139.23,0,8,0,80,UDP,Normal
20.43,2,0,1262.22,857.22,39.28,0.0,1,0,0,1504,TCP,Port Scan
8458.12,51,42,41361.18,113.24,188.73,25.27,4,52,0,22,TCP,Brute Force
10.01,1,0,2493.62,2217.01,49.41,0.0,1,0,0,4832,TCP,Port Scan
18000.14,23,5,129815.85,99.63,857.65,120.04,0,14,0,80,TCP,Normal
1.9,1,0,1289.21,1910.38,61.76,0.0,1,0,0,1017,TCP,Port Scan
31165.89,21,27,149537.33,118.18,477.81,56.08,1,14,0,80,TCP,Normal
1.25,2,0,1613.97,3237.5,62.79,0.0,1,0,0,1549,TCP,Port Scan
228.76,1116,1,3036914.72,16125.13,56.58,6.89,336,1,0,443,TCP,DDoS
72800.48,17,8,11804.27,22.55,298.84,140.33,1,12,0,8000,TCP,Botnet
30472.82,14,19,45146.15,30.59,1051.58,182.16,1,19,0,8080,TCP,Normal
22072.64,20,16,112544.61,180.73,681.79,93.6,0,16,0,8080,TCP,Normal
36.11,2,0,1910.06,2236.37,57.89,0.0,1,0,0,6580,TCP,Port Scan
35108.43,5,22,30523.59,219.23,710.93,77.41,1,14,0,443,TCP,Normal
5138.53,77,54,41999.4,94.86,184.22,52.55,4,28,0,22,TCP,Brute Force
153.32,155,1,4864504.32,4552.69,45.91,7.02,406,1,0,8080,TCP,DDoS
472.65,328,1,3951278.01,4344.48,92.76,19.31,191,0,0,443,TCP,DDoS
648.5,311,0,3134340.96,11057.54,51.19,8.12,188,0,0,8080,TCP,DDoS
20.58,1,0,381.28,2860.1,50.71,0.0,1,0,0,7731,TCP,Port Scan
12145.9,6,25,136406.91,77.4,590.36,201.88,0,15,0,80,TCP,Normal
16484.79,24,17,124000.94,129.79,645.57,122.51,1,19,0,443,TCP,Normal
683.9,971,1,1176357.24,17311.97,52.28,23.45,444,0,0,80,TCP,DDoS
1420.23,846,1,2786296.24,17352.22,58.15,24.24,576,0,0,443,TCP,DDoS
16292.95,16,8,102994.32,171.38,449.08,129.05,0,18,0,443,TCP,Normal
542.51,536,2,3698608.67,6840.32,75.8,7.33,292,0,0,80,TCP,DDoS
54912.83,16,12,10986.01,9.72,226.96,87.47,0,16,1,9001,TCP,Botnet
11340.37,44,61,17515.55,85.13,154.62,21.21,3,43,0,22,TCP,Brute Force
1.72,1,0,1109.32,2874.16,45.61,0.0,1,0,0,5311,TCP,Port Scan
33452.67,19,21,92973.85,58.36,958.19,194.02,0,21,0,53,TCP,Normal
44121.62,29,16,112593.26,27.25,485.12,176.62,1,8,0,443,TCP,Normal
583.38,1069,0,3363694.68,14786.29,92.11,12.12,170,0,0,443,TCP,DDoS
1323.47,538,0,5635326.51,10256.95,66.97,7.39,368,0,0,443,TCP,DDoS
1061.3,980,2,2935113.23,16478.95,89.29,18.71,150,0,0,80,TCP,DDoS
41191.33,29,23,60555.09,139.35,432.88,83.26,1,21,0,80,TCP,Normal
80.32,892,0,3998474.69,10217.82,65.27,12.25,138,0,0,8080,TCP,DDoS
6527.95,33,4,139337.25,116.51,435.44,57.88,0,20,0,53,TCP,Normal
23519.56,16,17,33905.1,114.84,450.59,165.16,1,27,0,443,TCP,Normal
7.93,2,0,512.54,979.9,63.23,0.0,1,0,0,2082,TCP,Port Scan
27.26,2,0,841.62,1287.05,49.68,0.0,1,0,0,323,TCP,Port Scan
417.51,848,1,5027227.71,3583.11,76.24,10.45,555,0,0,80,TCP,DDoS
1383.81,315,1,1289111.07,17270.95,74.23,19.13,271,0,0,80,TCP,DDoS
35427.92,9,23,119349.17,138.97,708.14,79.49,0,25,0,80,TCP,Normal
27938.9,34,11,107813.78,220.32,899.86,210.35,0,9,0,443,TCP,Normal
34.9,2,0,1489.24,1696.6,36.96,0.0,1,0,0,4984,TCP,Port Scan
33058.33,7,20,41252.39,153.53,1006.98,162.37,0,25,0,443,TCP,Normal
13.7,1,0,255.14,1645.17,58.24,0.0,1,0,0,8224,TCP,Port Scan
38425.74,12,16,54358.85,247.48,838.32,156.26,1,18,0,80,TCP,Normal
2970.86,10,13,99469.77,68.48,789.52,221.3,1,26,0,80,TCP,Normal
40901.5,5,19,144219.66,139.94,1084.12,201.46,0,10,0,443,TCP,Normal
7254.01,30,19,141869.6,196.14,403.78,50.27,0,27,0,80,TCP,Normal
11183.15,5,25,21776.69,26.27,766.51,93.65,1,3,0,80,TCP,Normal
10189.82,15,5,88147.61,42.62,714.49,238.1,1,12,0,443,TCP,Normal
38.15,1,0,2225.26,1683.58,41.27,0.0,1,0,0,9729,TCP,Port Scan
1.04,2,0,1678.32,3210.4,60.32,0.0,1,0,0,6342,TCP,Port Scan
42850.76,24,24,130874.23,222.69,645.13,66.65,1,16,0,80,TCP,Normal
30.07,1,0,1119.91,1942.98,52.04,0.0,1,0,0,7924,TCP,Port Scan
27123.22,18,15,10919.48,6.24,255.06,96.61,1,5,0,1337,TCP,Botnet
42012.61,27,25,77843.91,95.41,915.99,57.34,0,14,0,53,TCP,Normal
16916.66,27,4,113383.29,28.44,576.71,192.67,1,16,0,443,TCP,Normal
18470.71,33,19,41817.74,76.78,887.41,192.45,0,26,0,80,TCP,Normal
26.69,1,0,2190.49,1600.55,37.1,0.0,1,0,0,5511,TCP,Port Scan
31.28,2,0,2093.42,1078.21,39.28,0.0,1,0,0,5290,TCP,Port Scan
43998.58,33,21,52872.61,44.56,1067.38,62.05,0,19,0,80,TCP,Normal
1352.42,22,24,17694.56,85.04,693.01,108.5,0,4,0,443,UDP,Normal
34730.43,28,11,60381.25,67.31,484.97,173.0,1,11,0,8080,TCP,Normal
313.62,449,1,4004521.01,9657.84,50.34,18.06,130,0,0,443,TCP,DDoS
34207.94,8,23,50290.62,167.82,537.09,229.39,0,22,0,443,TCP,Normal
941.61,344,0,3396063.12,7084.28,49.32,17.42,528,0,0,443,TCP,DDoS
36.34,1,0,2172.61,3223.27,62.29,0.0,1,0,0,1528,TCP,Port Scan
756.99,1181,0,3555455.54,8875.13,74.21,24.37,504,0,0,80,TCP,DDoS
38028.01,22,14,53376.12,202.06,715.91,86.69,1,15,0,443,TCP,Normal
1213.19,854,1,4408157.98,5394.49,89.3,13.09,417,1,0,80,TCP,DDoS
40287.2,10,28,134420.94,116.47,946.26,145.27,0,22,0,80,TCP,Normal
17.57,2,0,2380.52,985.63,48.24,0.0,1,0,0,5701,TCP,Port Scan
9889.94,79,70,13452.48,95.54,204.96,43.52,5,50,0,22,TCP,Brute Force
30650.79,26,15,73888.03,232.16,450.91,106.12,0,13,0,443,TCP,Normal
46957.04,16,18,5284.26,23.69,423.87,185.69,1,12,1,9001,UDP,Botnet
1082.5,565,1,1213858.37,17105.96,54.34,22.07,560,0,0,443,TCP,DDoS
25641.8,5,14,87912.33,228.66,1060.09,134.48,0,26,0,8080,TCP,Normal
23.71,2,0,1428.26,1823.73,42.89,0.0,1,0,0,9012,TCP,Port Scan
3283.13,31,29,116155.34,188.73,609.61,84.7,0,22,0,443,TCP,Normal
38377.25,10,12,122381.85,196.33,504.79,134.79,0,19,0,443,UDP,Normal
1492.16,734,0,1460933.59,8350.85,72.59,21.71,289,0,0,80,TCP,DDoS
11602.89,29,11,49727.9,151.8,627.65,57.85,0,13,0,443,TCP,Normal
470.39,202,1,5501391.03,5347.94,60.17,17.38,378,1,0,8080,TCP,DDoS
20.37,2,0,1304.54,2484.1,58.57,0.0,1,0,0,3604,TCP,Port Scan
12101.54,29,13,109721.33,60.06,782.82,192.89,0,13,0,443,TCP,Normal
19672.81,12,13,8591.36,18.34,350.1,112.72,0,14,0,1337,TCP,Botnet
8.79,2,0,1845.96,2960.15,43.08,0.0,1,0,0,7273,TCP,Port Scan
28.85,1,0,799.46,1239.87,42.78,0.0,1,0,0,1019,TCP,Port Scan
58726.31,10,17,8402.16,27.5,235.55,206.09,1,13,0,8000,TCP,Botnet
12.23,2,0,2326.63,1873.5,52.0,0.0,1,0,0,5071,TCP,Port Scan
34565.32,25,16,93482.65,51.13,925.96,181.39,1,26,0,80,TCP,Normal
5665.23,8,17,10905.68,216.76,892.56,144.83,0,18,0,443,TCP,Normal
444.75,1194,2,5146864.55,5229.5,65.09,14.85,164,0,0,80,TCP,DDoS
44366.69,7,23,92200.69,98.02,781.22,58.21,1,3,0,80,TCP,Normal
22707.27,17,14,5938.63,10.85,273.56,180.25,1,6,0,9001,TCP,Botnet
26585.24,8,13,6605.34,24.83,195.05,172.36,0,11,0,6667,UDP,Botnet
25274.11,11,4,121770.67,247.41,822.24,211.37,1,22,0,443,TCP,Normal
73444.44,16,19,6706.64,25.27,281.12,97.34,1,10,1,9001,TCP,Botnet
974.67,513,1,4253453.84,9398.88,88.9,21.9,123,0,0,53,TCP,DDoS
44437.9,12,27,101036.1,160.23,1040.57,81.27,1,18,0,443,TCP,Normal
37452.31,15,16,5785.26,25.93,413.29,121.96,0,5,1,1337,UDP,Botnet
636.75,622,0,1118326.62,11863.74,94.41,8.34,405,0,0,80,TCP,DDoS
40564.3,15,28,51556.76,192.47,688.87,179.22,0,21,0,443,TCP,Normal
809.37,11,29,65524.6,71.08,483.91,117.52,1,24,0,80,TCP,Normal
27157.48,23,5,99033.2,81.5,410.58,243.0,0,12,0,443,TCP,Normal
26995.96,13,14,64586.67,158.99,841.01,133.48,0,10,0,80,TCP,Normal
7816.05,28,28,84270.87,227.55,640.77,196.6,0,20,0,80,UDP,Normal
5513.86,60,41,33283.44,61.0,170.3,53.19,4,27,0,22,TCP,Brute Force
10771.9,29,5,32597.11,32.04,664.93,122.59,1,25,0,443,TCP,Normal
746.13,1030,0,5676256.61,4368.77,41.07,21.11,397,0,0,80,TCP,DDoS
38176.42,23,26,63653.68,224.19,995.65,237.13,1,10,0,443,TCP,Normal
3278.77,23,3,69443.94,52.57,471.75,157.09,0,11,0,80,TCP,Normal
11.5,2,0,296.53,1277.24,59.68,0.0,1,0,0,3623,TCP,Port Scan
238.35,1078,1,1159705.79,7968.12,55.54,16.1,121,0,0,80,TCP,DDoS
4273.94,49,42,32461.83,43.52,197.12,26.19,2,45,0,22,TCP,Brute Force
23013.7,11,15,129456.83,214.32,651.77,187.45,0,5,0,443,UDP,Normal
47934.73,24,13,10513.71,9.53,313.27,213.08,0,6,0,8000,UDP,Botnet
1316.3,173,2,3770931.63,12112.08,68.77,22.49,415,0,0,53,TCP,DDoS
1111.84,1177,1,4057725.33,14928.25,93.3,14.35,356,0,0,443,TCP,DDoS
6200.26,18,19,139572.13,71.66,660.52,136.42,0,27,0,80,TCP,Normal
39.62,2,0,1772.51,853.14,55.54,0.0,1,0,0,5463,TCP,Port Scan
960.4,1141,2,3584149.34,14825.99,85.0,24.16,599,0,0,80,TCP,DDoS
22068.68,28,15,60169.87,44.41,771.95,129.16,0,14,0,443,UDP,Normal
6.93,1,0,841.9,2364.33,38.47,0.0,1,0,0,2035,TCP,Port Scan
5351.11,11,20,50956.68,206.03,1012.84,110.49,1,12,0,443,TCP,Normal
202.83,531,0,3094394.28,3975.01,85.39,7.52,571,0,0,8080,TCP,DDoS
522.38,534,1,2925723.69,7901.6,80.97,6.59,510,0,0,80,TCP,DDoS
15738.94,15,23,145130.52,148.27,643.09,166.09,0,5,0,80,TCP,Normal
5015.48,6,27,5733.93,56.99,784.11,188.38,0,11,0,80,TCP,Normal
11062.69,67,53,34860.84,44.14,84.23,19.74,4,47,0,3389,TCP,Brute Force
39642.27,11,23,148772.25,67.91,648.81,183.84,0,25,0,443,UDP,Normal
37.21,2,0,778.55,1727.24,46.72,0.0,1,0,0,8821,TCP,Port Scan
1360.08,7,16,64978.19,133.36,683.0,156.19,0,26,0,443,UDP,Normal
479.84,474,1,2303726.92,7646.48,68.7,18.27,518,0,0,53,TCP,DDoS
6982.59,75,55,19548.42,78.54,124.46,31.23,3,66,0,22,TCP,Brute Force
32411.87,26,20,134856.61,229.11,619.71,188.21,0,27,0,443,UDP,Normal
1363.62,679,0,3613128.42,13729.01,70.62,22.09,155,1,0,80,TCP,DDoS
26279.9,20,17,7211.54,10.33,356.43,214.36,0,16,0,6667,TCP,Botnet
34262.83,6,23,99849.25,224.5,805.16,176.48,0,12,0,443,TCP,Normal
793.49,707,0,3385269.86,13011.23,40.7,22.43,466,0,0,80,TCP,DDoS
10349.18,72,32,23973.52,90.72,115.98,17.35,4,41,0,22,TCP,Brute Force
14311.11,16,19,6684.98,36.66,674.75,145.99,0,13,0,443,UDP,Normal
1432.31,458,2,2406005.83,12170.36,93.02,6.91,379,0,0,80,TCP,DDoS
19.55,2,0,1870.22,2176.82,36.15,0.0,1,0,0,1245,TCP,Port Scan
62910.7,12,19,3688.56,23.59,308.42,137.57,1,6,1,4444,TCP,Botnet
24310.6,11,19,48441.41,91.29,678.12,135.36,1,19,0,80,TCP,Normal
15086.69,16,18,11045.06,14.49,401.44,123.84,1,13,0,6667,UDP,Botnet
33801.84,28,24,47911.72,125.61,687.77,194.39,0,18,0,80,TCP,Normal
5219.56,53,60,35385.53,75.85,211.25,48.15,5,38,0,22,TCP,Brute Force
19479.24,12,18,30712.35,186.31,940.87,192.98,0,26,0,443,TCP,Normal
5655.05,5,26,123708.52,49.54,598.34,53.69,0,4,0,80,TCP,Normal
26.3,1,0,1927.93,2632.0,38.35,0.0,1,0,0,7856,TCP,Port Scan
38.65,1,0,1554.97,2746.2,39.72,0.0,1,0,0,2916,TCP,Port Scan
32.22,2,0,1141.89,1811.77,61.62,0.0,1,0,0,1371,TCP,Port Scan
11106.53,56,46,28165.31,57.91,142.15,36.79,5,27,0,21,TCP,Brute Force
1499.58,1197,0,2681204.03,3155.18,74.44,19.08,427,0,0,443,TCP,DDoS
68355.46,16,11,9802.72,12.21,208.3,216.35,1,9,0,8000,TCP,Botnet
9.31,1,0,1767.51,2636.3,53.41,0.0,1,0,0,5460,TCP,Port Scan
